"STATION","DATE","LATITUDE","LONGITUDE","ELEVATION","NAME","TEMP","TEMP_ATTRIBUTES","DEWP","DEWP_ATTRIBUTES","SLP","SLP_ATTRIBUTES","STP","STP_ATTRIBUTES","VISIB","VISIB_ATTRIBUTES","WDSP","WDSP_ATTRIBUTES","MXSPD","GUST","MAX","MAX_ATTRIBUTES","MIN","MIN_ATTRIBUTES","PRCP","PRCP_ATTRIBUTES","SNDP","FRSHTT"
"99403699999","2015-01-01","37.928","-122.4","5.6","RICHMOND, CA US","  49.6","24","9999.9"," 0","1019.0","24","999.9"," 0","999.9"," 0","  4.0","24","  8.9","999.9","  58.5","*","  44.6","*"," 0.00","I","999.9","000000"
"99403699999","2015-01-02","37.928","-122.4","5.6","RICHMOND, CA US","  46.5","24","9999.9"," 0","1021.4","24","999.9"," 0","999.9"," 0","  6.0","24","  8.9","999.9","  51.6","*","  42.3","*"," 0.00","I","999.9","000000"
"99403699999","2015-01-03","37.928","-122.4","5.6","RICHMOND, CA US","  46.5","24","9999.9"," 0","1022.7","24","999.9"," 0","999.9"," 0","  5.2","24","  9.9","999.9","  50.5","*","  43.0","*"," 0.00","I","999.9","000000"
"99403699999","2015-01-04","37.928","-122.4","5.6","RICHMOND, CA US","  49.0","24","9999.9"," 0","1027.2","24","999.9"," 0","999.9"," 0","  7.1","24"," 11.1","999.9","  55.0","*","  46.6","*"," 0.00","I","999.9","000000"
"99403699999","2015-01-05","37.928","-122.4","5.6","RICHMOND, CA US","  52.3","24","9999.9"," 0","1028.0","24","999.9"," 0","999.9"," 0","  7.6","24"," 11.1","999.9","  59.7","*","  48.0","*"," 0.00","I","999.9","000000"
"99403699999","2015-01-06","37.928","-122.4","5.6","RICHMOND, CA US","  54.9","24","9999.9"," 0","1023.9","24","999.9"," 0","999.9"," 0","  7.9","24"," 11.1","999.9","  63.1","*","  50.9","*"," 0.00","I","999.9","000000"
"99403699999","2015-01-07","37.928","-122.4","5.6","RICHMOND, CA US","  57.5","24","9999.9"," 0","1021.7","24","999.9"," 0","999.9"," 0","  7.7","24"," 12.0","999.9","  68.7","*","  51.8","*"," 0.00","I","999.9","000000"
"99403699999","2015-01-08","37.928","-122.4","5.6","RICHMOND, CA US","  55.6","24","9999.9"," 0","1018.1","24","999.9"," 0","999.9"," 0","  6.3","24","  9.9","999.9","  61.7","*","  51.3","*"," 0.00","I","999.9","000000"
"99403699999","2015-01-09","37.928","-122.4","5.6","RICHMOND, CA US","  54.7","24","9999.9"," 0","1015.9","24","999.9"," 0","999.9"," 0","  4.3","24","  8.0","999.9","  62.6","*","  52.2","*"," 0.00","I","999.9","000000"
"99403699999","2015-01-10","37.928","-122.4","5.6","RICHMOND, CA US","  53.4","24","9999.9"," 0","1015.4","24","999.9"," 0","999.9"," 0","  2.4","24","  8.0","999.9","  58.8","*","  49.6","*"," 0.00","I","999.9","000000"
"99403699999","2015-01-11","37.928","-122.4","5.6","RICHMOND, CA US","  52.6","24","9999.9"," 0","1016.9","24","999.9"," 0","999.9"," 0","  1.9","24","  5.1","999.9","  56.3","*","  50.7","*"," 0.00","I","999.9","000000"
"99403699999","2015-01-12","37.928","-122.4","5.6","RICHMOND, CA US","  51.5","24","9999.9"," 0","1022.2","24","999.9"," 0","999.9"," 0","  1.5","24","  4.1","999.9","  55.6","*","  47.3","*"," 0.00","I","999.9","000000"
"99403699999","2015-01-13","37.928","-122.4","5.6","RICHMOND, CA US","  53.7","24","9999.9"," 0","1022.1","24","999.9"," 0","999.9"," 0","  2.6","24","  7.0","999.9","  60.6","*","  48.4","*"," 0.00","I","999.9","000000"
"99403699999","2015-01-14","37.928","-122.4","5.6","RICHMOND, CA US","  53.8","22","9999.9"," 0","1021.6","22","999.9"," 0","999.9"," 0","  5.2","22","  9.9","999.9","  60.6","*","  48.9","*"," 0.00","I","999.9","000000"
"99403699999","2015-01-15","37.928","-122.4","5.6","RICHMOND, CA US","  53.3","24","9999.9"," 0","1024.9","24","999.9"," 0","999.9"," 0","  5.0","24","  8.9","999.9","  57.7","*","  50.0","*"," 0.00","I","999.9","000000"
"99403699999","2015-01-16","37.928","-122.4","5.6","RICHMOND, CA US","  52.9","23","9999.9"," 0","1024.5","23","999.9"," 0","999.9"," 0","  4.2","23","  9.9","999.9","  57.0","*","  49.3","*"," 0.00","I","999.9","000000"
"99403699999","2015-01-17","37.928","-122.4","5.6","RICHMOND, CA US","  54.2","24","9999.9"," 0","1024.3","24","999.9"," 0","999.9"," 0","  4.8","24","  9.9","999.9","  57.6","*","  52.5","*"," 0.00","I","999.9","000000"
"99403699999","2015-01-18","37.928","-122.4","5.6","RICHMOND, CA US","  53.3","24","9999.9"," 0","1024.9","24","999.9"," 0","999.9"," 0","  5.2","24","  8.9","999.9","  55.9","*","  52.0","*"," 0.00","I","999.9","000000"
"99403699999","2015-01-19","37.928","-122.4","5.6","RICHMOND, CA US","  55.6","24","9999.9"," 0","1024.8","24","999.9"," 0","999.9"," 0","  4.8","24","  8.9","999.9","  58.8","*","  54.0","*"," 0.00","I","999.9","000000"
"99403699999","2015-01-20","37.928","-122.4","5.6","RICHMOND, CA US","  52.8","24","9999.9"," 0","1021.1","24","999.9"," 0","999.9"," 0","  4.3","24","  8.0","999.9","  59.0","*","  49.5","*"," 0.00","I","999.9","000000"
"99403699999","2015-01-21","37.928","-122.4","5.6","RICHMOND, CA US","  52.4","24","9999.9"," 0","1019.1","24","999.9"," 0","999.9"," 0","  4.3","24","  8.9","999.9","  59.0","*","  48.6","*"," 0.00","I","999.9","000000"
"99403699999","2015-01-22","37.928","-122.4","5.6","RICHMOND, CA US","  51.9","24","9999.9"," 0","1023.1","24","999.9"," 0","999.9"," 0","  7.6","24"," 12.0","999.9","  60.6","*","  47.3","*"," 0.00","I","999.9","000000"
"99403699999","2015-01-23","37.928","-122.4","5.6","RICHMOND, CA US","  51.7","24","9999.9"," 0","1026.9","24","999.9"," 0","999.9"," 0","  6.3","24","  9.9","999.9","  58.5","*","  48.4","*"," 0.00","I","999.9","000000"
"99403699999","2015-01-24","37.928","-122.4","5.6","RICHMOND, CA US","  54.6","24","9999.9"," 0","1023.2","24","999.9"," 0","999.9"," 0","  7.9","24"," 12.0","999.9","  59.5","*","  49.1","*"," 0.00","I","999.9","000000"
"99403699999","2015-01-25","37.928","-122.4","5.6","RICHMOND, CA US","  50.8","23","9999.9"," 0","1019.8","23","999.9"," 0","999.9"," 0","  9.4","23"," 13.0","999.9","  57.0","*","  45.3","*"," 0.00","I","999.9","000000"
"99403699999","2015-01-26","37.928","-122.4","5.6","RICHMOND, CA US","  53.9","24","9999.9"," 0","1016.6","24","999.9"," 0","999.9"," 0","  6.4","24"," 11.1","999.9","  62.6","*","  49.5","*"," 0.00","I","999.9","000000"
"99403699999","2015-01-27","37.928","-122.4","5.6","RICHMOND, CA US","  58.3","24","9999.9"," 0","1018.1","24","999.9"," 0","999.9"," 0","  4.0","24","  8.0","999.9","  62.2","*","  54.5","*"," 0.00","I","999.9","000000"
"99403699999","2015-01-28","37.928","-122.4","5.6","RICHMOND, CA US","  55.5","23","9999.9"," 0","1023.8","23","999.9"," 0","999.9"," 0","  3.1","23","  8.0","999.9","  59.9","*","  52.2","*"," 0.00","I","999.9","000000"
"99403699999","2015-01-29","37.928","-122.4","5.6","RICHMOND, CA US","  54.7","23","9999.9"," 0","1020.7","23","999.9"," 0","999.9"," 0","  4.3","23","  7.0","999.9","  61.7","*","  51.6","*"," 0.00","I","999.9","000000"
"99403699999","2015-01-30","37.928","-122.4","5.6","RICHMOND, CA US","  54.8","24","9999.9"," 0","1016.7","24","999.9"," 0","999.9"," 0","  1.8","24","  6.0","999.9","  63.0","*","  50.5","*"," 0.00","I","999.9","000000"
"99403699999","2015-01-31","37.928","-122.4","5.6","RICHMOND, CA US","  60.5","24","9999.9"," 0","1013.5","24","999.9"," 0","999.9"," 0","  5.4","24"," 17.1","999.9","  68.2","*","  53.6","*"," 0.00","I","999.9","000000"
"99403699999","2015-02-01","37.928","-122.4","5.6","RICHMOND, CA US","  56.5","24","9999.9"," 0","1018.2","24","999.9"," 0","999.9"," 0","  2.7","24","  8.0","999.9","  65.3","*","  50.5","*"," 0.00","I","999.9","000000"
"99403699999","2015-02-02","37.928","-122.4","5.6","RICHMOND, CA US","  56.4","24","9999.9"," 0","1020.7","24","999.9"," 0","999.9"," 0","  6.0","24","  8.9","999.9","  63.1","*","  51.8","*"," 0.00","I","999.9","000000"
"99403699999","2015-02-03","37.928","-122.4","5.6","RICHMOND, CA US","  58.5","24","9999.9"," 0","1019.2","24","999.9"," 0","999.9"," 0","  5.2","24","  8.9","999.9","  61.9","*","  55.8","*"," 0.00","I","999.9","000000"
"99403699999","2015-02-04","37.928","-122.4","5.6","RICHMOND, CA US","  57.1","24","9999.9"," 0","1017.6","24","999.9"," 0","999.9"," 0","  3.8","24","  7.0","999.9","  63.3","*","  53.6","*"," 0.00","I","999.9","000000"
"99403699999","2015-02-05","37.928","-122.4","5.6","RICHMOND, CA US","  56.6","24","9999.9"," 0","1016.2","24","999.9"," 0","999.9"," 0","  5.2","24"," 11.1","999.9","  59.7","*","  54.9","*"," 0.00","I","999.9","000000"
"99403699999","2015-02-06","37.928","-122.4","5.6","RICHMOND, CA US","  59.7","24","9999.9"," 0","1011.1","24","999.9"," 0","999.9"," 0"," 10.9","24"," 19.0","999.9","  61.2","*","  58.8","*"," 0.00","I","999.9","000000"
"99403699999","2015-02-07","37.928","-122.4","5.6","RICHMOND, CA US","  60.7","24","9999.9"," 0","1013.4","24","999.9"," 0","999.9"," 0","  9.4","24"," 19.0","999.9","  63.9","*","  59.4","*"," 0.00","I","999.9","000000"
"99403699999","2015-02-08","37.928","-122.4","5.6","RICHMOND, CA US","  59.2","24","9999.9"," 0","1015.4","24","999.9"," 0","999.9"," 0","  5.4","24"," 18.1","999.9","  62.6","*","  57.7","*"," 0.00","I","999.9","000000"
"99403699999","2015-02-09","37.928","-122.4","5.6","RICHMOND, CA US","  60.5","24","9999.9"," 0","1018.3","24","999.9"," 0","999.9"," 0"," 11.0","24"," 25.1","999.9","  62.6","*","  58.5","*"," 0.00","I","999.9","000000"
"99403699999","2015-02-10","37.928","-122.4","5.6","RICHMOND, CA US","  55.7","24","9999.9"," 0","1022.7","24","999.9"," 0","999.9"," 0","  5.3","24","  8.0","999.9","  61.0","*","  51.8","*"," 0.00","I","999.9","000000"
"99403699999","2015-02-11","37.928","-122.4","5.6","RICHMOND, CA US","  56.3","24","9999.9"," 0","1020.2","24","999.9"," 0","999.9"," 0","  5.9","24","  9.9","999.9","  65.3","*","  50.7","*"," 0.00","I","999.9","000000"
"99403699999","2015-02-12","37.928","-122.4","5.6","RICHMOND, CA US","  60.9","24","9999.9"," 0","1021.4","24","999.9"," 0","999.9"," 0","  6.5","24"," 11.1","999.9","  70.3","*","  54.3","*"," 0.00","I","999.9","000000"
"99403699999","2015-02-13","37.928","-122.4","5.6","RICHMOND, CA US","  60.4","24","9999.9"," 0","1019.9","24","999.9"," 0","999.9"," 0","  7.6","24"," 11.1","999.9","  71.2","*","  55.6","*"," 0.00","I","999.9","000000"
"99403699999","2015-02-14","37.928","-122.4","5.6","RICHMOND, CA US","  61.6","15","9999.9"," 0","1018.4","15","999.9"," 0","999.9"," 0","  3.4","15"," 11.1","999.9","  70.7","*","  55.4","*"," 0.00","I","999.9","000000"
"99403699999","2015-02-15","37.928","-122.4","5.6","RICHMOND, CA US","  61.6","10","9999.9"," 0","1016.8"," 9","999.9"," 0","999.9"," 0","  2.6","10","  6.0","999.9","  71.4","*","  57.0","*"," 0.00","I","999.9","000000"
"99403699999","2015-02-16","37.928","-122.4","5.6","RICHMOND, CA US","  61.4","24","9999.9"," 0","1015.3","24","999.9"," 0","999.9"," 0","  3.9","24","  8.0","999.9","  70.3","*","  54.5","*"," 0.00","I","999.9","000000"
"99403699999","2015-02-17","37.928","-122.4","5.6","RICHMOND, CA US","  55.4","24","9999.9"," 0","1018.0","24","999.9"," 0","999.9"," 0","  2.8","24","  5.1","999.9","  64.9","*","  52.9","*"," 0.00","I","999.9","000000"
"99403699999","2015-02-18","37.928","-122.4","5.6","RICHMOND, CA US","  55.3","23","9999.9"," 0","1021.9","23","999.9"," 0","999.9"," 0","  3.6","23","  7.0","999.9","  59.4","*","  53.8","*"," 0.00","I","999.9","000000"
"99403699999","2015-02-19","37.928","-122.4","5.6","RICHMOND, CA US","  56.1","23","9999.9"," 0","1020.4","23","999.9"," 0","999.9"," 0","  2.3","23","  8.0","999.9","  60.6","*","  52.5","*"," 0.00","I","999.9","000000"
"99403699999","2015-02-20","37.928","-122.4","5.6","RICHMOND, CA US","  54.7","20","9999.9"," 0","1018.2","20","999.9"," 0","999.9"," 0","  3.3","20","  8.0","999.9","  58.3","*","  52.2","*"," 0.00","I","999.9","000000"
"99403699999","2015-02-22","37.928","-122.4","5.6","RICHMOND, CA US","  56.0","24","9999.9"," 0","1010.8","24","999.9"," 0","999.9"," 0","  7.2","24"," 18.1","999.9","  62.6","*","  50.9","*"," 0.00","I","999.9","000000"
"99403699999","2015-02-23","37.928","-122.4","5.6","RICHMOND, CA US","  58.5","24","9999.9"," 0","1013.9","24","999.9"," 0","999.9"," 0"," 15.0","24"," 19.0","999.9","  63.7","*","  54.1","*"," 0.00","I","999.9","000000"
"99403699999","2015-02-24","37.928","-122.4","5.6","RICHMOND, CA US","  56.4","24","9999.9"," 0","1024.6","24","999.9"," 0","999.9"," 0","  4.8","24"," 13.0","999.9","  62.1","*","  50.5","*"," 0.00","I","999.9","000000"
"99403699999","2015-02-25","37.928","-122.4","5.6","RICHMOND, CA US","  55.0","24","9999.9"," 0","1024.6","24","999.9"," 0","999.9"," 0","  3.3","24","  6.0","999.9","  62.2","*","  49.3","*"," 0.00","I","999.9","000000"
"99403699999","2015-02-26","37.928","-122.4","5.6","RICHMOND, CA US","  57.4","24","9999.9"," 0","1018.0","24","999.9"," 0","999.9"," 0","  3.6","24","  8.0","999.9","  64.8","*","  52.9","*"," 0.00","I","999.9","000000"
"99403699999","2015-02-27","37.928","-122.4","5.6","RICHMOND, CA US","  58.0","24","9999.9"," 0","1011.7","24","999.9"," 0","999.9"," 0"," 12.3","24"," 17.1","999.9","  64.9","*","  55.2","*"," 0.00","I","999.9","000000"
"99403699999","2015-02-28","37.928","-122.4","5.6","RICHMOND, CA US","  53.5","24","9999.9"," 0","1007.5","24","999.9"," 0","999.9"," 0","  8.3","24"," 17.1","999.9","  58.3","*","  51.1","*"," 0.00","I","999.9","000000"
"99403699999","2015-03-01","37.928","-122.4","5.6","RICHMOND, CA US","  54.6","23","9999.9"," 0","1013.0","23","999.9"," 0","999.9"," 0","  4.4","23","  9.9","999.9","  61.0","*","  49.6","*"," 0.00","I","999.9","000000"
"99403699999","2015-03-02","37.928","-122.4","5.6","RICHMOND, CA US","  55.9","24","9999.9"," 0","1010.9","24","999.9"," 0","999.9"," 0","  5.6","24","  9.9","999.9","  62.1","*","  53.8","*"," 0.00","I","999.9","000000"
"99403699999","2015-03-03","37.928","-122.4","5.6","RICHMOND, CA US","  54.1","20","9999.9"," 0","1015.4","19","999.9"," 0","999.9"," 0","  3.0","20","  7.0","999.9","  61.9","*","  49.3","*"," 0.00","I","999.9","000000"
"99403699999","2015-03-04","37.928","-122.4","5.6","RICHMOND, CA US","  55.5","24","9999.9"," 0","1017.7","24","999.9"," 0","999.9"," 0","  2.8","24","  8.0","999.9","  64.9","*","  49.8","*"," 0.00","I","999.9","000000"
"99403699999","2015-03-05","37.928","-122.4","5.6","RICHMOND, CA US","  57.9","24","9999.9"," 0","1024.1","24","999.9"," 0","999.9"," 0","  4.7","24","  9.9","999.9","  65.5","*","  50.9","*"," 0.00","I","999.9","000000"
"99403699999","2015-03-06","37.928","-122.4","5.6","RICHMOND, CA US","  58.2","22","9999.9"," 0","1025.0","22","999.9"," 0","999.9"," 0","  5.8","22","  9.9","999.9","  69.1","*","  51.4","*"," 0.00","I","999.9","000000"
"99403699999","2015-03-07","37.928","-122.4","5.6","RICHMOND, CA US","  58.8","24","9999.9"," 0","1019.8","24","999.9"," 0","999.9"," 0","  3.4","24","  8.0","999.9","  68.2","*","  52.9","*"," 0.00","I","999.9","000000"
"99403699999","2015-03-08","37.928","-122.4","5.6","RICHMOND, CA US","  58.0","20","9999.9"," 0","1017.3","20","999.9"," 0","999.9"," 0","  3.0","20","  6.0","999.9","  70.2","*","  51.1","*"," 0.00","I","999.9","000000"
"99403699999","2015-03-09","37.928","-122.4","5.6","RICHMOND, CA US","  55.9","24","9999.9"," 0","1016.3","24","999.9"," 0","999.9"," 0","  3.2","24","  7.0","999.9","  62.6","*","  51.1","*"," 0.00","I","999.9","000000"
"99403699999","2015-03-10","37.928","-122.4","5.6","RICHMOND, CA US","  55.0","24","9999.9"," 0","1013.8","24","999.9"," 0","999.9"," 0","  2.5","24","  8.9","999.9","  61.2","*","  51.4","*"," 0.00","I","999.9","000000"
"99403699999","2015-03-11","37.928","-122.4","5.6","RICHMOND, CA US","  57.4","24","9999.9"," 0","1017.5","24","999.9"," 0","999.9"," 0","  4.1","24","  7.0","999.9","  60.8","*","  55.6","*"," 0.00","I","999.9","000000"
"99403699999","2015-03-12","37.928","-122.4","5.6","RICHMOND, CA US","  58.6","24","9999.9"," 0","1023.6","24","999.9"," 0","999.9"," 0","  3.8","24","  6.0","999.9","  65.1","*","  55.4","*"," 0.00","I","999.9","000000"
"99403699999","2015-03-13","37.928","-122.4","5.6","RICHMOND, CA US","  60.3","24","9999.9"," 0","1020.8","24","999.9"," 0","999.9"," 0","  3.3","24","  8.0","999.9","  70.0","*","  55.0","*"," 0.00","I","999.9","000000"
"99403699999","2015-03-14","37.928","-122.4","5.6","RICHMOND, CA US","  62.8","24","9999.9"," 0","1018.7","24","999.9"," 0","999.9"," 0","  3.2","24","  6.0","999.9","  74.1","*","  58.3","*"," 0.00","I","999.9","000000"
"99403699999","2015-03-15","37.928","-122.4","5.6","RICHMOND, CA US","  64.8","24","9999.9"," 0","1016.4","24","999.9"," 0","999.9"," 0","  3.6","24","  9.9","999.9","  74.1","*","  59.5","*"," 0.00","I","999.9","000000"
"99403699999","2015-03-16","37.928","-122.4","5.6","RICHMOND, CA US","  60.9","24","9999.9"," 0","1016.9","24","999.9"," 0","999.9"," 0","  2.5","24","  6.0","999.9","  65.5","*","  58.3","*"," 0.00","I","999.9","000000"
"99403699999","2015-03-17","37.928","-122.4","5.6","RICHMOND, CA US","  59.5","23","9999.9"," 0","1017.8","23","999.9"," 0","999.9"," 0","  3.9","23","  8.9","999.9","  65.7","*","  53.6","*"," 0.00","I","999.9","000000"
"99403699999","2015-03-18","37.928","-122.4","5.6","RICHMOND, CA US","  59.1","23","9999.9"," 0","1017.5","23","999.9"," 0","999.9"," 0","  5.2","23"," 12.0","999.9","  66.0","*","  54.9","*"," 0.00","I","999.9","000000"
"99403699999","2015-03-19","37.928","-122.4","5.6","RICHMOND, CA US","  59.0","24","9999.9"," 0","1017.1","24","999.9"," 0","999.9"," 0","  3.0","24","  7.0","999.9","  66.6","*","  54.9","*"," 0.00","I","999.9","000000"
"99403699999","2015-03-20","37.928","-122.4","5.6","RICHMOND, CA US","  58.7","24","9999.9"," 0","1017.9","24","999.9"," 0","999.9"," 0","  4.6","24"," 11.1","999.9","  64.6","*","  55.4","*"," 0.00","I","999.9","000000"
"99403699999","2015-03-21","37.928","-122.4","5.6","RICHMOND, CA US","  59.1","22","9999.9"," 0","1020.4","22","999.9"," 0","999.9"," 0","  3.6","22","  7.0","999.9","  63.0","*","  56.3","*"," 0.00","I","999.9","000000"
"99403699999","2015-03-22","37.928","-122.4","5.6","RICHMOND, CA US","  58.9","24","9999.9"," 0","1020.3","24","999.9"," 0","999.9"," 0","  4.8","24"," 12.0","999.9","  63.0","*","  55.9","*"," 0.00","I","999.9","000000"
"99403699999","2015-03-23","37.928","-122.4","5.6","RICHMOND, CA US","  58.2","24","9999.9"," 0","1023.1","24","999.9"," 0","999.9"," 0","  4.9","24"," 12.0","999.9","  62.4","*","  53.1","*"," 0.00","I","999.9","000000"
"99403699999","2015-03-24","37.928","-122.4","5.6","RICHMOND, CA US","  57.8","24","9999.9"," 0","1025.3","24","999.9"," 0","999.9"," 0","  5.4","24"," 14.0","999.9","  63.5","*","  55.4","*"," 0.00","I","999.9","000000"
"99403699999","2015-03-25","37.928","-122.4","5.6","RICHMOND, CA US","  60.0","24","9999.9"," 0","1023.3","24","999.9"," 0","999.9"," 0","  5.5","24"," 11.1","999.9","  66.4","*","  56.3","*"," 0.00","I","999.9","000000"
"99403699999","2015-03-26","37.928","-122.4","5.6","RICHMOND, CA US","  61.9","24","9999.9"," 0","1020.6","24","999.9"," 0","999.9"," 0","  4.1","24","  9.9","999.9","  73.4","*","  56.1","*"," 0.00","I","999.9","000000"
"99403699999","2015-03-27","37.928","-122.4","5.6","RICHMOND, CA US","  61.2","23","9999.9"," 0","1019.4","23","999.9"," 0","999.9"," 0","  3.5","23","  8.0","999.9","  76.3","*","  53.6","*"," 0.00","I","999.9","000000"
"99403699999","2015-03-28","37.928","-122.4","5.6","RICHMOND, CA US","  60.2","24","9999.9"," 0","1020.7","24","999.9"," 0","999.9"," 0","  4.1","24"," 13.0","999.9","  68.4","*","  56.1","*"," 0.00","I","999.9","000000"
"99403699999","2015-03-29","37.928","-122.4","5.6","RICHMOND, CA US","  62.1","19","9999.9"," 0","1018.7","19","999.9"," 0","999.9"," 0","  3.0","19","  7.0","999.9","  69.3","*","  55.6","*"," 0.00","I","999.9","000000"
"99403699999","2015-03-30","37.928","-122.4","5.6","RICHMOND, CA US","  59.4","24","9999.9"," 0","1016.8","24","999.9"," 0","999.9"," 0","  4.6","24","  8.9","999.9","  66.0","*","  55.9","*"," 0.00","I","999.9","000000"
"99403699999","2015-03-31","37.928","-122.4","5.6","RICHMOND, CA US","  60.3","24","9999.9"," 0","1018.9","24","999.9"," 0","999.9"," 0","  8.1","24"," 15.9","999.9","  65.5","*","  57.0","*"," 0.00","I","999.9","000000"
"99403699999","2015-04-01","37.928","-122.4","5.6","RICHMOND, CA US","  57.7","24","9999.9"," 0","1021.2","24","999.9"," 0","999.9"," 0","  8.6","24"," 18.1","999.9","  63.9","*","  53.1","*"," 0.00","I","999.9","000000"
"99403699999","2015-04-02","37.928","-122.4","5.6","RICHMOND, CA US","  58.4","23","9999.9"," 0","1020.5","23","999.9"," 0","999.9"," 0","  8.8","23"," 12.0","999.9","  66.7","*","  53.8","*"," 0.00","I","999.9","000000"
"99403699999","2015-04-03","37.928","-122.4","5.6","RICHMOND, CA US","  58.2","24","9999.9"," 0","1021.7","24","999.9"," 0","999.9"," 0","  5.4","24"," 11.1","999.9","  65.7","*","  53.2","*"," 0.00","I","999.9","000000"
"99403699999","2015-04-04","37.928","-122.4","5.6","RICHMOND, CA US","  57.1","24","9999.9"," 0","1018.5","24","999.9"," 0","999.9"," 0","  6.2","24"," 18.1","999.9","  65.1","*","  52.7","*"," 0.00","I","999.9","000000"
"99403699999","2015-04-05","37.928","-122.4","5.6","RICHMOND, CA US","  53.7","24","9999.9"," 0","1013.7","24","999.9"," 0","999.9"," 0","  7.1","24"," 15.0","999.9","  58.3","*","  51.1","*"," 0.00","I","999.9","000000"
"99403699999","2015-04-06","37.928","-122.4","5.6","RICHMOND, CA US","  53.6","24","9999.9"," 0","1013.7","24","999.9"," 0","999.9"," 0","  5.0","24","  8.9","999.9","  57.9","*","  50.7","*"," 0.00","I","999.9","000000"
"99403699999","2015-04-07","37.928","-122.4","5.6","RICHMOND, CA US","  54.8","23","9999.9"," 0","1010.6","23","999.9"," 0","999.9"," 0"," 11.0","23"," 26.0","999.9","  57.9","*","  50.0","*"," 0.00","I","999.9","000000"
"99403699999","2015-04-08","37.928","-122.4","5.6","RICHMOND, CA US","  52.8","24","9999.9"," 0","1018.7","24","999.9"," 0","999.9"," 0","  5.1","24","  8.9","999.9","  58.1","*","  49.1","*"," 0.00","I","999.9","000000"
"99403699999","2015-04-09","37.928","-122.4","5.6","RICHMOND, CA US","  54.9","24","9999.9"," 0","1017.9","24","999.9"," 0","999.9"," 0","  5.5","24","  9.9","999.9","  61.5","*","  50.5","*"," 0.00","I","999.9","000000"
"99403699999","2015-04-10","37.928","-122.4","5.6","RICHMOND, CA US","  57.4","24","9999.9"," 0","1015.7","24","999.9"," 0","999.9"," 0","  3.6","24","  8.0","999.9","  64.8","*","  51.6","*"," 0.00","I","999.9","000000"
"99403699999","2015-04-11","37.928","-122.4","5.6","RICHMOND, CA US","  58.2","24","9999.9"," 0","1017.3","24","999.9"," 0","999.9"," 0","  4.6","24"," 13.0","999.9","  68.0","*","  53.4","*"," 0.00","I","999.9","000000"
"99403699999","2015-04-12","37.928","-122.4","5.6","RICHMOND, CA US","  59.5","24","9999.9"," 0","1016.6","24","999.9"," 0","999.9"," 0","  4.3","24","  8.9","999.9","  68.4","*","  54.1","*"," 0.00","I","999.9","000000"
"99403699999","2015-04-13","37.928","-122.4","5.6","RICHMOND, CA US","  57.5","24","9999.9"," 0","1016.5","24","999.9"," 0","999.9"," 0","  4.2","24","  8.9","999.9","  68.5","*","  51.1","*"," 0.00","I","999.9","000000"
"99403699999","2015-04-14","37.928","-122.4","5.6","RICHMOND, CA US","  54.9","23","9999.9"," 0","1023.4","23","999.9"," 0","999.9"," 0","  9.8","23"," 15.0","999.9","  60.4","*","  49.3","*"," 0.00","I","999.9","000000"
"99403699999","2015-04-15","37.928","-122.4","5.6","RICHMOND, CA US","  57.6","24","9999.9"," 0","1022.3","24","999.9"," 0","999.9"," 0","  8.5","24"," 15.0","999.9","  70.0","*","  53.6","*"," 0.00","I","999.9","000000"
"99403699999","2015-04-16","37.928","-122.4","5.6","RICHMOND, CA US","  65.8","24","9999.9"," 0","1016.5","24","999.9"," 0","999.9"," 0","  6.3","24"," 12.0","999.9","  75.2","*","  58.3","*"," 0.00","I","999.9","000000"
"99403699999","2015-04-17","37.928","-122.4","5.6","RICHMOND, CA US","  60.6","24","9999.9"," 0","1017.2","24","999.9"," 0","999.9"," 0","  5.6","24"," 13.0","999.9","  74.3","*","  54.1","*"," 0.00","I","999.9","000000"
"99403699999","2015-04-18","37.928","-122.4","5.6","RICHMOND, CA US","  55.1","24","9999.9"," 0","1016.8","24","999.9"," 0","999.9"," 0","  4.7","24","  8.9","999.9","  62.8","*","  51.4","*"," 0.00","I","999.9","000000"
"99403699999","2015-04-19","37.928","-122.4","5.6","RICHMOND, CA US","  54.5","24","9999.9"," 0","1014.0","24","999.9"," 0","999.9"," 0","  5.2","24","  8.9","999.9","  60.8","*","  51.8","*"," 0.00","I","999.9","000000"
"99403699999","2015-04-20","37.928","-122.4","5.6","RICHMOND, CA US","  55.2","24","9999.9"," 0","1012.0","24","999.9"," 0","999.9"," 0","  5.7","24","  9.9","999.9","  58.5","*","  53.2","*"," 0.00","I","999.9","000000"
"99403699999","2015-04-21","37.928","-122.4","5.6","RICHMOND, CA US","  54.4","24","9999.9"," 0","1011.3","24","999.9"," 0","999.9"," 0","  7.1","24"," 11.1","999.9","  56.8","*","  53.2","*"," 0.00","I","999.9","000000"
"99403699999","2015-04-22","37.928","-122.4","5.6","RICHMOND, CA US","  54.6","24","9999.9"," 0","1011.1","24","999.9"," 0","999.9"," 0","  5.9","24"," 13.0","999.9","  59.5","*","  51.8","*"," 0.00","I","999.9","000000"
"99403699999","2015-04-23","37.928","-122.4","5.6","RICHMOND, CA US","  54.6","24","9999.9"," 0","1011.3","24","999.9"," 0","999.9"," 0","  5.9","24","  9.9","999.9","  59.5","*","  51.6","*"," 0.00","I","999.9","000000"
"99403699999","2015-04-24","37.928","-122.4","5.6","RICHMOND, CA US","  57.0","24","9999.9"," 0","1012.9","24","999.9"," 0","999.9"," 0","  8.6","24"," 15.0","999.9","  60.3","*","  54.9","*"," 0.00","I","999.9","000000"
"99403699999","2015-04-25","37.928","-122.4","5.6","RICHMOND, CA US","  56.3","24","9999.9"," 0","1014.1","24","999.9"," 0","999.9"," 0","  8.3","24"," 14.0","999.9","  61.2","*","  52.5","*"," 0.00","I","999.9","000000"
"99403699999","2015-04-26","37.928","-122.4","5.6","RICHMOND, CA US","  57.6","24","9999.9"," 0","1018.1","24","999.9"," 0","999.9"," 0","  7.9","24"," 17.1","999.9","  68.4","*","  53.8","*"," 0.00","I","999.9","000000"
"99403699999","2015-04-27","37.928","-122.4","5.6","RICHMOND, CA US","  62.2","24","9999.9"," 0","1016.8","24","999.9"," 0","999.9"," 0","  4.4","24"," 12.0","999.9","  72.0","*","  57.4","*"," 0.00","I","999.9","000000"
"99403699999","2015-04-28","37.928","-122.4","5.6","RICHMOND, CA US","  56.8","23","9999.9"," 0","1015.9","23","999.9"," 0","999.9"," 0","  6.2","23","  8.9","999.9","  66.2","*","  51.8","*"," 0.00","I","999.9","000000"
"99403699999","2015-04-29","37.928","-122.4","5.6","RICHMOND, CA US","  56.5","24","9999.9"," 0","1015.7","24","999.9"," 0","999.9"," 0","  6.8","24"," 11.1","999.9","  63.5","*","  52.3","*"," 0.00","I","999.9","000000"
"99403699999","2015-04-30","37.928","-122.4","5.6","RICHMOND, CA US","  61.8","24","9999.9"," 0","1011.6","24","999.9"," 0","999.9"," 0","  4.5","24","  9.9","999.9","  79.2","*","  56.1","*"," 0.00","I","999.9","000000"
"99403699999","2015-05-01","37.928","-122.4","5.6","RICHMOND, CA US","  66.5","24","9999.9"," 0","1010.0","24","999.9"," 0","999.9"," 0","  2.9","24","  8.9","999.9","  85.1","*","  59.9","*"," 0.00","I","999.9","000000"
"99403699999","2015-05-02","37.928","-122.4","5.6","RICHMOND, CA US","  56.0","24","9999.9"," 0","1011.7","24","999.9"," 0","999.9"," 0","  4.8","24","  8.0","999.9","  61.3","*","  53.4","*"," 0.00","I","999.9","000000"
"99403699999","2015-05-03","37.928","-122.4","5.6","RICHMOND, CA US","  54.0","23","9999.9"," 0","1011.7","23","999.9"," 0","999.9"," 0","  6.7","23"," 12.0","999.9","  57.0","*","  52.3","*"," 0.00","I","999.9","000000"
"99403699999","2015-05-04","37.928","-122.4","5.6","RICHMOND, CA US","  53.1","24","9999.9"," 0","1013.6","24","999.9"," 0","999.9"," 0","  6.4","24"," 11.1","999.9","  56.1","*","  51.1","*"," 0.00","I","999.9","000000"
"99403699999","2015-05-05","37.928","-122.4","5.6","RICHMOND, CA US","  54.9","24","9999.9"," 0","1013.5","24","999.9"," 0","999.9"," 0","  7.6","24"," 12.0","999.9","  59.7","*","  52.0","*"," 0.00","I","999.9","000000"
"99403699999","2015-05-06","37.928","-122.4","5.6","RICHMOND, CA US","  56.3","24","9999.9"," 0","1011.4","24","999.9"," 0","999.9"," 0","  6.0","24","  9.9","999.9","  64.9","*","  52.5","*"," 0.00","I","999.9","000000"
"99403699999","2015-05-07","37.928","-122.4","5.6","RICHMOND, CA US","  57.8","24","9999.9"," 0","1008.0","24","999.9"," 0","999.9"," 0","  4.6","24","  8.9","999.9","  66.0","*","  52.9","*"," 0.00","I","999.9","000000"
"99403699999","2015-05-08","37.928","-122.4","5.6","RICHMOND, CA US","  56.0","24","9999.9"," 0","1009.5","24","999.9"," 0","999.9"," 0","  6.0","24","  9.9","999.9","  64.0","*","  52.7","*"," 0.00","I","999.9","000000"
"99403699999","2015-05-09","37.928","-122.4","5.6","RICHMOND, CA US","  53.9","24","9999.9"," 0","1017.3","24","999.9"," 0","999.9"," 0","  5.0","24","  8.9","999.9","  57.7","*","  51.3","*"," 0.00","I","999.9","000000"
"99403699999","2015-05-10","37.928","-122.4","5.6","RICHMOND, CA US","  53.7","24","9999.9"," 0","1017.6","24","999.9"," 0","999.9"," 0","  5.1","24","  9.9","999.9","  57.9","*","  50.4","*"," 0.00","I","999.9","000000"
"99403699999","2015-05-11","37.928","-122.4","5.6","RICHMOND, CA US","  56.2","24","9999.9"," 0","1014.0","24","999.9"," 0","999.9"," 0","  5.7","24","  9.9","999.9","  63.9","*","  52.5","*"," 0.00","I","999.9","000000"
"99403699999","2015-05-12","37.928","-122.4","5.6","RICHMOND, CA US","  56.2","24","9999.9"," 0","1012.2","24","999.9"," 0","999.9"," 0"," 10.6","24"," 15.9","999.9","  61.3","*","  52.2","*"," 0.00","I","999.9","000000"
"99403699999","2015-05-13","37.928","-122.4","5.6","RICHMOND, CA US","  55.4","24","9999.9"," 0","1013.7","24","999.9"," 0","999.9"," 0","  8.2","24"," 15.9","999.9","  60.1","*","  52.7","*"," 0.00","I","999.9","000000"
"99403699999","2015-05-14","37.928","-122.4","5.6","RICHMOND, CA US","  57.1","24","9999.9"," 0","1011.3","24","999.9"," 0","999.9"," 0","  2.9","24","  7.0","999.9","  59.7","*","  55.2","*"," 0.00","I","999.9","000000"
"99403699999","2015-05-15","37.928","-122.4","5.6","RICHMOND, CA US","  56.0","24","9999.9"," 0","1011.4","24","999.9"," 0","999.9"," 0","  4.6","24","  8.0","999.9","  60.4","*","  52.0","*"," 0.00","I","999.9","000000"
"99403699999","2015-05-16","37.928","-122.4","5.6","RICHMOND, CA US","  55.9","24","9999.9"," 0","1014.1","24","999.9"," 0","999.9"," 0","  6.1","24"," 11.1","999.9","  60.8","*","  52.2","*"," 0.00","I","999.9","000000"
"99403699999","2015-05-17","37.928","-122.4","5.6","RICHMOND, CA US","  56.7","23","9999.9"," 0","1016.0","23","999.9"," 0","999.9"," 0","  4.2","23","  8.9","999.9","  60.8","*","  54.3","*"," 0.00","I","999.9","000000"
"99403699999","2015-05-18","37.928","-122.4","5.6","RICHMOND, CA US","  56.3","24","9999.9"," 0","1017.3","24","999.9"," 0","999.9"," 0","  5.8","24","  8.9","999.9","  59.9","*","  54.3","*"," 0.00","I","999.9","000000"
"99403699999","2015-05-19","37.928","-122.4","5.6","RICHMOND, CA US","  56.6","24","9999.9"," 0","1018.3","24","999.9"," 0","999.9"," 0","  4.8","24","  8.9","999.9","  60.1","*","  54.7","*"," 0.00","I","999.9","000000"
"99403699999","2015-05-20","37.928","-122.4","5.6","RICHMOND, CA US","  56.0","24","9999.9"," 0","1014.7","24","999.9"," 0","999.9"," 0","  6.2","24"," 11.1","999.9","  59.9","*","  53.4","*"," 0.00","I","999.9","000000"
"99403699999","2015-05-21","37.928","-122.4","5.6","RICHMOND, CA US","  57.0","24","9999.9"," 0","1013.8","24","999.9"," 0","999.9"," 0","  4.5","24","  8.9","999.9","  59.9","*","  55.4","*"," 0.00","I","999.9","000000"
"99403699999","2015-05-22","37.928","-122.4","5.6","RICHMOND, CA US","  58.2","23","9999.9"," 0","1015.2","23","999.9"," 0","999.9"," 0","  3.9","23","  9.9","999.9","  61.5","*","  55.6","*"," 0.00","I","999.9","000000"
"99403699999","2015-05-23","37.928","-122.4","5.6","RICHMOND, CA US","  56.3","24","9999.9"," 0","1017.5","24","999.9"," 0","999.9"," 0","  5.3","24"," 12.0","999.9","  61.3","*","  53.2","*"," 0.00","I","999.9","000000"
"99403699999","2015-05-24","37.928","-122.4","5.6","RICHMOND, CA US","  55.3","24","9999.9"," 0","1016.2","24","999.9"," 0","999.9"," 0","  7.9","24"," 13.0","999.9","  61.3","*","  52.5","*"," 0.00","I","999.9","000000"
"99403699999","2015-05-25","37.928","-122.4","5.6","RICHMOND, CA US","  54.7","24","9999.9"," 0","1014.4","24","999.9"," 0","999.9"," 0","  7.2","24"," 12.0","999.9","  60.1","*","  52.3","*"," 0.00","I","999.9","000000"
"99403699999","2015-05-26","37.928","-122.4","5.6","RICHMOND, CA US","  55.2","24","9999.9"," 0","1015.2","24","999.9"," 0","999.9"," 0","  7.4","24"," 13.0","999.9","  58.3","*","  53.4","*"," 0.00","I","999.9","000000"
"99403699999","2015-05-27","37.928","-122.4","5.6","RICHMOND, CA US","  55.6","23","9999.9"," 0","1016.0","23","999.9"," 0","999.9"," 0","  5.8","23","  9.9","999.9","  58.5","*","  52.5","*"," 0.00","I","999.9","000000"
"99403699999","2015-05-28","37.928","-122.4","5.6","RICHMOND, CA US","  55.7","24","9999.9"," 0","1016.2","24","999.9"," 0","999.9"," 0","  4.8","24"," 11.1","999.9","  63.7","*","  51.6","*"," 0.00","I","999.9","000000"
"99403699999","2015-05-29","37.928","-122.4","5.6","RICHMOND, CA US","  55.2","23","9999.9"," 0","1015.0","23","999.9"," 0","999.9"," 0","  6.3","23"," 12.0","999.9","  64.6","*","  51.1","*"," 0.00","I","999.9","000000"
"99403699999","2015-05-30","37.928","-122.4","5.6","RICHMOND, CA US","  55.8","24","9999.9"," 0","1013.7","24","999.9"," 0","999.9"," 0","  5.6","24","  9.9","999.9","  63.1","*","  51.4","*"," 0.00","I","999.9","000000"
"99403699999","2015-05-31","37.928","-122.4","5.6","RICHMOND, CA US","  55.9","24","9999.9"," 0","1013.1","24","999.9"," 0","999.9"," 0","  5.6","24"," 12.0","999.9","  61.7","*","  51.4","*"," 0.00","I","999.9","000000"
"99403699999","2015-06-01","37.928","-122.4","5.6","RICHMOND, CA US","  58.9","22","9999.9"," 0","1015.4","22","999.9"," 0","999.9"," 0","  5.3","22","  9.9","999.9","  65.3","*","  56.1","*"," 0.00","I","999.9","000000"
"99403699999","2015-06-02","37.928","-122.4","5.6","RICHMOND, CA US","  61.2","24","9999.9"," 0","1017.1","24","999.9"," 0","999.9"," 0","  4.2","24","  9.9","999.9","  65.8","*","  57.6","*"," 0.00","I","999.9","000000"
"99403699999","2015-06-03","37.928","-122.4","5.6","RICHMOND, CA US","  60.0","24","9999.9"," 0","1013.6","24","999.9"," 0","999.9"," 0","  6.8","24"," 11.1","999.9","  68.4","*","  55.6","*"," 0.00","I","999.9","000000"
"99403699999","2015-06-04","37.928","-122.4","5.6","RICHMOND, CA US","  58.8","24","9999.9"," 0","1010.3","24","999.9"," 0","999.9"," 0","  6.8","24","  9.9","999.9","  64.6","*","  55.2","*"," 0.00","I","999.9","000000"
"99403699999","2015-06-05","37.928","-122.4","5.6","RICHMOND, CA US","  58.0","24","9999.9"," 0","1009.4","24","999.9"," 0","999.9"," 0","  8.1","24"," 11.1","999.9","  62.8","*","  55.4","*"," 0.00","I","999.9","000000"
"99403699999","2015-06-06","37.928","-122.4","5.6","RICHMOND, CA US","  57.4","21","9999.9"," 0","1011.3","21","999.9"," 0","999.9"," 0","  6.5","21"," 12.0","999.9","  60.6","*","  55.0","*"," 0.00","I","999.9","000000"
"99403699999","2015-06-07","37.928","-122.4","5.6","RICHMOND, CA US","  58.8","24","9999.9"," 0","1012.6","24","999.9"," 0","999.9"," 0","  4.8","24","  8.0","999.9","  67.8","*","  55.2","*"," 0.00","I","999.9","000000"
"99403699999","2015-06-08","37.928","-122.4","5.6","RICHMOND, CA US","  62.7","24","9999.9"," 0","1010.9","24","999.9"," 0","999.9"," 0","  3.0","24","  6.0","999.9","  74.7","*","  57.7","*"," 0.00","I","999.9","000000"
"99403699999","2015-06-09","37.928","-122.4","5.6","RICHMOND, CA US","  61.6","24","9999.9"," 0","1010.3","24","999.9"," 0","999.9"," 0","  5.4","24"," 13.0","999.9","  70.9","*","  56.5","*"," 0.00","I","999.9","000000"
"99403699999","2015-06-10","37.928","-122.4","5.6","RICHMOND, CA US","  62.2","24","9999.9"," 0","1012.5","24","999.9"," 0","999.9"," 0","  4.0","24","  8.0","999.9","  64.9","*","  60.3","*"," 0.00","I","999.9","000000"
"99403699999","2015-06-11","37.928","-122.4","5.6","RICHMOND, CA US","  61.0","24","9999.9"," 0","1011.7","24","999.9"," 0","999.9"," 0","  3.7","24","  7.0","999.9","  68.4","*","  56.3","*"," 0.00","I","999.9","000000"
"99403699999","2015-06-12","37.928","-122.4","5.6","RICHMOND, CA US","  61.4","24","9999.9"," 0","1009.7","24","999.9"," 0","999.9"," 0","  4.9","24","  8.9","999.9","  69.3","*","  56.7","*"," 0.00","I","999.9","000000"
"99403699999","2015-06-13","37.928","-122.4","5.6","RICHMOND, CA US","  60.7","24","9999.9"," 0","1008.1","24","999.9"," 0","999.9"," 0","  5.9","24","  8.9","999.9","  68.0","*","  57.4","*"," 0.00","I","999.9","000000"
"99403699999","2015-06-14","37.928","-122.4","5.6","RICHMOND, CA US","  57.9","24","9999.9"," 0","1008.7","24","999.9"," 0","999.9"," 0","  6.6","24"," 11.1","999.9","  61.9","*","  55.0","*"," 0.00","I","999.9","000000"
"99403699999","2015-06-15","37.928","-122.4","5.6","RICHMOND, CA US","  57.0","24","9999.9"," 0","1010.7","24","999.9"," 0","999.9"," 0","  7.0","24","  9.9","999.9","  63.3","*","  54.1","*"," 0.00","I","999.9","000000"
"99403699999","2015-06-16","37.928","-122.4","5.6","RICHMOND, CA US","  57.7","24","9999.9"," 0","1013.3","24","999.9"," 0","999.9"," 0","  7.5","24"," 14.0","999.9","  63.9","*","  54.0","*"," 0.00","I","999.9","000000"
"99403699999","2015-06-17","37.928","-122.4","5.6","RICHMOND, CA US","  58.2","24","9999.9"," 0","1013.0","24","999.9"," 0","999.9"," 0","  7.3","24"," 13.0","999.9","  64.4","*","  53.6","*"," 0.00","I","999.9","000000"
"99403699999","2015-06-18","37.928","-122.4","5.6","RICHMOND, CA US","  58.1","24","9999.9"," 0","1013.7","24","999.9"," 0","999.9"," 0","  7.0","24","  8.9","999.9","  64.2","*","  54.1","*"," 0.00","I","999.9","000000"
"99403699999","2015-06-19","37.928","-122.4","5.6","RICHMOND, CA US","  58.7","24","9999.9"," 0","1015.1","24","999.9"," 0","999.9"," 0","  6.7","24"," 11.1","999.9","  65.1","*","  53.8","*"," 0.00","I","999.9","000000"
"99403699999","2015-06-20","37.928","-122.4","5.6","RICHMOND, CA US","  59.1","24","9999.9"," 0","1012.7","24","999.9"," 0","999.9"," 0","  7.0","24"," 14.0","999.9","  65.5","*","  54.9","*"," 0.00","I","999.9","000000"
"99403699999","2015-06-21","37.928","-122.4","5.6","RICHMOND, CA US","  59.1","24","9999.9"," 0","1013.7","24","999.9"," 0","999.9"," 0","  4.9","24","  9.9","999.9","  65.5","*","  55.2","*"," 0.00","I","999.9","000000"
"99403699999","2015-06-22","37.928","-122.4","5.6","RICHMOND, CA US","  59.0","24","9999.9"," 0","1016.3","24","999.9"," 0","999.9"," 0","  5.2","24","  8.0","999.9","  66.0","*","  54.7","*"," 0.00","I","999.9","000000"
"99403699999","2015-06-23","37.928","-122.4","5.6","RICHMOND, CA US","  59.4","24","9999.9"," 0","1015.5","24","999.9"," 0","999.9"," 0","  7.5","24"," 12.0","999.9","  67.8","*","  55.0","*"," 0.00","I","999.9","000000"
"99403699999","2015-06-24","37.928","-122.4","5.6","RICHMOND, CA US","  59.2","24","9999.9"," 0","1013.3","24","999.9"," 0","999.9"," 0","  8.8","24"," 14.0","999.9","  66.0","*","  54.3","*"," 0.00","I","999.9","000000"
"99403699999","2015-06-25","37.928","-122.4","5.6","RICHMOND, CA US","  62.3","24","9999.9"," 0","1011.9","24","999.9"," 0","999.9"," 0","  6.1","24","  8.9","999.9","  70.2","*","  58.6","*"," 0.00","I","999.9","000000"
"99403699999","2015-06-26","37.928","-122.4","5.6","RICHMOND, CA US","  64.3","24","9999.9"," 0","1012.5","24","999.9"," 0","999.9"," 0","  4.7","24"," 12.0","999.9","  69.4","*","  60.3","*"," 0.00","I","999.9","000000"
"99403699999","2015-06-27","37.928","-122.4","5.6","RICHMOND, CA US","  60.8","24","9999.9"," 0","1014.8","24","999.9"," 0","999.9"," 0","  6.5","24","  8.9","999.9","  64.8","*","  59.0","*"," 0.00","I","999.9","000000"
"99403699999","2015-06-28","37.928","-122.4","5.6","RICHMOND, CA US","  62.1","24","9999.9"," 0","1015.7","24","999.9"," 0","999.9"," 0","  6.1","24","  9.9","999.9","  66.7","*","  60.4","*"," 0.00","I","999.9","000000"
"99403699999","2015-06-29","37.928","-122.4","5.6","RICHMOND, CA US","  61.5","24","9999.9"," 0","1015.4","24","999.9"," 0","999.9"," 0","  5.8","24"," 14.0","999.9","  70.0","*","  57.6","*"," 0.00","I","999.9","000000"
"99403699999","2015-06-30","37.928","-122.4","5.6","RICHMOND, CA US","  62.9","24","9999.9"," 0","1012.2","24","999.9"," 0","999.9"," 0","  6.9","24"," 14.0","999.9","  73.0","*","  57.9","*"," 0.00","I","999.9","000000"
"99403699999","2015-07-01","37.928","-122.4","5.6","RICHMOND, CA US","  64.3","24","9999.9"," 0","1011.0","24","999.9"," 0","999.9"," 0","  4.4","24","  9.9","999.9","  72.1","*","  58.6","*"," 0.00","I","999.9","000000"
"99403699999","2015-07-02","37.928","-122.4","5.6","RICHMOND, CA US","  63.6","23","9999.9"," 0","1013.0","23","999.9"," 0","999.9"," 0","  5.3","23"," 14.0","999.9","  72.0","*","  60.4","*"," 0.00","I","999.9","000000"
"99403699999","2015-07-03","37.928","-122.4","5.6","RICHMOND, CA US","  62.4","24","9999.9"," 0","1013.7","24","999.9"," 0","999.9"," 0","  4.8","24","  8.0","999.9","  70.5","*","  58.8","*"," 0.00","I","999.9","000000"
"99403699999","2015-07-04","37.928","-122.4","5.6","RICHMOND, CA US","  62.4","24","9999.9"," 0","1011.5","24","999.9"," 0","999.9"," 0","  5.0","24","  8.9","999.9","  69.3","*","  58.5","*"," 0.00","I","999.9","000000"
"99403699999","2015-07-05","37.928","-122.4","5.6","RICHMOND, CA US","  62.0","24","9999.9"," 0","1012.9","24","999.9"," 0","999.9"," 0","  7.0","24"," 14.0","999.9","  64.8","*","  60.1","*"," 0.00","I","999.9","000000"
"99403699999","2015-07-06","37.928","-122.4","5.6","RICHMOND, CA US","  62.5","24","9999.9"," 0","1016.6","24","999.9"," 0","999.9"," 0","  7.0","24"," 12.0","999.9","  69.1","*","  59.7","*"," 0.00","I","999.9","000000"
"99403699999","2015-07-07","37.928","-122.4","5.6","RICHMOND, CA US","  65.3","24","9999.9"," 0","1016.0","24","999.9"," 0","999.9"," 0","  4.7","24","  8.9","999.9","  68.5","*","  62.1","*"," 0.00","I","999.9","000000"
"99403699999","2015-07-08","37.928","-122.4","5.6","RICHMOND, CA US","  63.1","24","9999.9"," 0","1012.1","24","999.9"," 0","999.9"," 0","  5.0","24","  8.9","999.9","  66.6","*","  60.1","*"," 0.00","I","999.9","000000"
"99403699999","2015-07-09","37.928","-122.4","5.6","RICHMOND, CA US","  61.6","24","9999.9"," 0","1010.9","24","999.9"," 0","999.9"," 0","  5.2","24","  9.9","999.9","  63.9","*","  60.3","*"," 0.00","I","999.9","000000"
"99403699999","2015-07-10","37.928","-122.4","5.6","RICHMOND, CA US","  62.5","24","9999.9"," 0","1012.9","24","999.9"," 0","999.9"," 0","  3.9","24","  6.0","999.9","  66.6","*","  60.8","*"," 0.00","I","999.9","000000"
"99403699999","2015-07-11","37.928","-122.4","5.6","RICHMOND, CA US","  64.3","24","9999.9"," 0","1014.0","24","999.9"," 0","999.9"," 0","  5.8","24"," 12.0","999.9","  68.2","*","  61.5","*"," 0.00","I","999.9","000000"
"99403699999","2015-07-12","37.928","-122.4","5.6","RICHMOND, CA US","  65.3","24","9999.9"," 0","1016.0","24","999.9"," 0","999.9"," 0","  6.2","24"," 14.0","999.9","  70.2","*","  63.0","*"," 0.00","I","999.9","000000"
"99403699999","2015-07-13","37.928","-122.4","5.6","RICHMOND, CA US","  66.3","18","9999.9"," 0","1015.9","18","999.9"," 0","999.9"," 0","  5.6","18","  9.9","999.9","  73.8","*","  63.0","*"," 0.00","I","999.9","000000"
"99403699999","2015-07-14","37.928","-122.4","5.6","RICHMOND, CA US","  65.5","24","9999.9"," 0","1012.6","24","999.9"," 0","999.9"," 0","  5.3","24"," 12.0","999.9","  72.9","*","  60.1","*"," 0.00","I","999.9","000000"
"99403699999","2015-07-15","37.928","-122.4","5.6","RICHMOND, CA US","  63.6","23","9999.9"," 0","1011.5","23","999.9"," 0","999.9"," 0","  6.9","23","  9.9","999.9","  72.0","*","  60.1","*"," 0.00","I","999.9","000000"
"99403699999","2015-07-16","37.928","-122.4","5.6","RICHMOND, CA US","  61.8","24","9999.9"," 0","1012.5","24","999.9"," 0","999.9"," 0","  5.3","24","  9.9","999.9","  65.3","*","  59.5","*"," 0.00","I","999.9","000000"
"99403699999","2015-07-17","37.928","-122.4","5.6","RICHMOND, CA US","  62.3","24","9999.9"," 0","1011.1","24","999.9"," 0","999.9"," 0","  5.2","24","  8.9","999.9","  67.3","*","  59.7","*"," 0.00","I","999.9","000000"
"99403699999","2015-07-18","37.928","-122.4","5.6","RICHMOND, CA US","  63.7","24","9999.9"," 0","1011.4","24","999.9"," 0","999.9"," 0","  5.9","24"," 11.1","999.9","  69.4","*","  61.2","*"," 0.00","I","999.9","000000"
"99403699999","2015-07-19","37.928","-122.4","5.6","RICHMOND, CA US","  67.6","24","9999.9"," 0","1016.3","24","999.9"," 0","999.9"," 0","  3.9","24","  7.0","999.9","  76.5","*","  63.5","*"," 0.00","I","999.9","000000"
"99403699999","2015-07-20","37.928","-122.4","5.6","RICHMOND, CA US","  70.6","24","9999.9"," 0","1015.9","24","999.9"," 0","999.9"," 0","  5.1","24"," 11.1","999.9","  78.6","*","  66.0","*"," 0.00","I","999.9","000000"
"99403699999","2015-07-21","37.928","-122.4","5.6","RICHMOND, CA US","  64.3","24","9999.9"," 0","1013.0","24","999.9"," 0","999.9"," 0","  5.5","24","  9.9","999.9","  70.7","*","  60.3","*"," 0.00","I","999.9","000000"
"99403699999","2015-07-22","37.928","-122.4","5.6","RICHMOND, CA US","  62.4","24","9999.9"," 0","1010.5","24","999.9"," 0","999.9"," 0","  8.2","24"," 15.0","999.9","  66.6","*","  59.7","*"," 0.00","I","999.9","000000"
"99403699999","2015-07-23","37.928","-122.4","5.6","RICHMOND, CA US","  61.7","22","9999.9"," 0","1013.2","22","999.9"," 0","999.9"," 0","  9.0","22"," 12.0","999.9","  68.0","*","  59.9","*"," 0.00","I","999.9","000000"
"99403699999","2015-07-24","37.928","-122.4","5.6","RICHMOND, CA US","  63.8","24","9999.9"," 0","1017.7","24","999.9"," 0","999.9"," 0","  3.8","24","  7.0","999.9","  69.6","*","  59.0","*"," 0.00","I","999.9","000000"
"99403699999","2015-07-25","37.928","-122.4","5.6","RICHMOND, CA US","  64.2","24","9999.9"," 0","1018.2","24","999.9"," 0","999.9"," 0","  4.5","24","  8.9","999.9","  71.8","*","  58.8","*"," 0.00","I","999.9","000000"
"99403699999","2015-07-26","37.928","-122.4","5.6","RICHMOND, CA US","  62.2","24","9999.9"," 0","1014.5","24","999.9"," 0","999.9"," 0","  6.5","24"," 12.0","999.9","  70.2","*","  58.6","*"," 0.00","I","999.9","000000"
"99403699999","2015-07-27","37.928","-122.4","5.6","RICHMOND, CA US","  65.8","24","9999.9"," 0","1013.1","24","999.9"," 0","999.9"," 0","  6.2","24","  9.9","999.9","  75.9","*","  61.2","*"," 0.00","I","999.9","000000"
"99403699999","2015-07-28","37.928","-122.4","5.6","RICHMOND, CA US","  68.1","24","9999.9"," 0","1011.6","24","999.9"," 0","999.9"," 0","  4.5","24","  8.9","999.9","  77.7","*","  62.2","*"," 0.00","I","999.9","000000"
"99403699999","2015-07-29","37.928","-122.4","5.6","RICHMOND, CA US","  68.5","22","9999.9"," 0","1011.5","21","999.9"," 0","999.9"," 0","  3.2","22","  7.0","999.9","  78.1","*","  62.2","*"," 0.00","I","999.9","000000"
"99403699999","2015-07-30","37.928","-122.4","5.6","RICHMOND, CA US","  64.6","20","9999.9"," 0","1015.3","19","999.9"," 0","999.9"," 0","  3.3","20","  8.9","999.9","  70.2","*","  61.2","*"," 0.00","I","999.9","000000"
"99403699999","2015-07-31","37.928","-122.4","5.6","RICHMOND, CA US","  64.3","24","9999.9"," 0","1015.7","24","999.9"," 0","999.9"," 0","  4.8","24"," 14.0","999.9","  71.4","*","  61.7","*"," 0.00","I","999.9","000000"
"99403699999","2015-08-01","37.928","-122.4","5.6","RICHMOND, CA US","  64.7","24","9999.9"," 0","1015.2","24","999.9"," 0","999.9"," 0","  6.2","24"," 13.0","999.9","  70.7","*","  62.1","*"," 0.00","I","999.9","000000"
"99403699999","2015-08-02","37.928","-122.4","5.6","RICHMOND, CA US","  65.3","24","9999.9"," 0","1014.1","24","999.9"," 0","999.9"," 0","  5.7","24"," 12.0","999.9","  70.0","*","  62.6","*"," 0.00","I","999.9","000000"
"99403699999","2015-08-03","37.928","-122.4","5.6","RICHMOND, CA US","  65.9","24","9999.9"," 0","1013.5","24","999.9"," 0","999.9"," 0","  5.2","24"," 13.0","999.9","  69.3","*","  63.1","*"," 0.00","I","999.9","000000"
"99403699999","2015-08-04","37.928","-122.4","5.6","RICHMOND, CA US","  65.8","24","9999.9"," 0","1014.7","24","999.9"," 0","999.9"," 0","  4.4","24","  9.9","999.9","  68.7","*","  62.4","*"," 0.00","I","999.9","000000"
"99403699999","2015-08-05","37.928","-122.4","5.6","RICHMOND, CA US","  65.7","24","9999.9"," 0","1016.2","24","999.9"," 0","999.9"," 0","  4.5","24"," 11.1","999.9","  72.0","*","  62.6","*"," 0.00","I","999.9","000000"
"99403699999","2015-08-06","37.928","-122.4","5.6","RICHMOND, CA US","  64.9","24","9999.9"," 0","1012.4","24","999.9"," 0","999.9"," 0","  5.5","24"," 12.0","999.9","  73.0","*","  61.0","*"," 0.00","I","999.9","000000"
"99403699999","2015-08-07","37.928","-122.4","5.6","RICHMOND, CA US","  64.0","24","9999.9"," 0","1011.2","24","999.9"," 0","999.9"," 0","  6.9","24","  9.9","999.9","  67.8","*","  61.7","*"," 0.00","I","999.9","000000"
"99403699999","2015-08-08","37.928","-122.4","5.6","RICHMOND, CA US","  63.0","24","9999.9"," 0","1013.0","24","999.9"," 0","999.9"," 0","  6.8","24","  9.9","999.9","  67.5","*","  60.6","*"," 0.00","I","999.9","000000"
"99403699999","2015-08-09","37.928","-122.4","5.6","RICHMOND, CA US","  64.4","24","9999.9"," 0","1013.3","24","999.9"," 0","999.9"," 0","  6.9","24"," 12.0","999.9","  74.3","*","  60.8","*"," 0.00","I","999.9","000000"
"99403699999","2015-08-10","37.928","-122.4","5.6","RICHMOND, CA US","  64.6","24","9999.9"," 0","1012.8","24","999.9"," 0","999.9"," 0","  6.3","24"," 11.1","999.9","  72.7","*","  59.4","*"," 0.00","I","999.9","000000"
"99403699999","2015-08-11","37.928","-122.4","5.6","RICHMOND, CA US","  64.4","24","9999.9"," 0","1012.9","24","999.9"," 0","999.9"," 0","  4.8","24","  8.0","999.9","  69.3","*","  60.6","*"," 0.00","I","999.9","000000"
"99403699999","2015-08-12","37.928","-122.4","5.6","RICHMOND, CA US","  65.6","24","9999.9"," 0","1015.6","24","999.9"," 0","999.9"," 0","  4.8","24"," 12.0","999.9","  72.1","*","  60.1","*"," 0.00","I","999.9","000000"
"99403699999","2015-08-13","37.928","-122.4","5.6","RICHMOND, CA US","  66.3","24","9999.9"," 0","1017.0","24","999.9"," 0","999.9"," 0","  4.5","24","  8.9","999.9","  72.1","*","  61.9","*"," 0.00","I","999.9","000000"
"99403699999","2015-08-14","37.928","-122.4","5.6","RICHMOND, CA US","  66.7","24","9999.9"," 0","1017.1","24","999.9"," 0","999.9"," 0","  4.6","24"," 12.0","999.9","  73.2","*","  63.3","*"," 0.00","I","999.9","000000"
"99403699999","2015-08-15","37.928","-122.4","5.6","RICHMOND, CA US","  70.1","24","9999.9"," 0","1015.2","24","999.9"," 0","999.9"," 0","  3.2","24"," 11.1","999.9","  80.2","*","  64.2","*"," 0.00","I","999.9","000000"
"99403699999","2015-08-16","37.928","-122.4","5.6","RICHMOND, CA US","  71.1","24","9999.9"," 0","1012.0","24","999.9"," 0","999.9"," 0","  3.5","24","  8.0","999.9","  82.0","*","  64.6","*"," 0.00","I","999.9","000000"
"99403699999","2015-08-17","37.928","-122.4","5.6","RICHMOND, CA US","  68.9","24","9999.9"," 0","1010.3","24","999.9"," 0","999.9"," 0","  4.6","24","  8.0","999.9","  79.9","*","  63.9","*"," 0.00","I","999.9","000000"
"99403699999","2015-08-18","37.928","-122.4","5.6","RICHMOND, CA US","  63.7","24","9999.9"," 0","1012.4","24","999.9"," 0","999.9"," 0","  5.1","24","  8.0","999.9","  69.4","*","  61.0","*"," 0.00","I","999.9","000000"
"99403699999","2015-08-19","37.928","-122.4","5.6","RICHMOND, CA US","  63.7","24","9999.9"," 0","1013.1","24","999.9"," 0","999.9"," 0","  5.7","24","  8.0","999.9","  68.0","*","  61.3","*"," 0.00","I","999.9","000000"
"99403699999","2015-08-20","37.928","-122.4","5.6","RICHMOND, CA US","  63.2","24","9999.9"," 0","1012.8","24","999.9"," 0","999.9"," 0","  5.0","24","  8.0","999.9","  66.9","*","  60.3","*"," 0.00","I","999.9","000000"
"99403699999","2015-08-21","37.928","-122.4","5.6","RICHMOND, CA US","  61.8","24","9999.9"," 0","1011.4","24","999.9"," 0","999.9"," 0","  5.7","24","  7.0","999.9","  64.9","*","  60.1","*"," 0.00","I","999.9","000000"
"99403699999","2015-08-22","37.928","-122.4","5.6","RICHMOND, CA US","  63.1","24","9999.9"," 0","1012.4","24","999.9"," 0","999.9"," 0","  5.7","24","  9.9","999.9","  68.5","*","  60.8","*"," 0.00","I","999.9","000000"
"99403699999","2015-08-23","37.928","-122.4","5.6","RICHMOND, CA US","  63.4","24","9999.9"," 0","1014.6","24","999.9"," 0","999.9"," 0","  5.7","24","  8.9","999.9","  67.8","*","  61.9","*"," 0.00","I","999.9","000000"
"99403699999","2015-08-24","37.928","-122.4","5.6","RICHMOND, CA US","  64.2","24","9999.9"," 0","1016.2","24","999.9"," 0","999.9"," 0","  4.0","24","  8.0","999.9","  70.7","*","  61.0","*"," 0.00","I","999.9","000000"
"99403699999","2015-08-25","37.928","-122.4","5.6","RICHMOND, CA US","  64.3","24","9999.9"," 0","1015.3","24","999.9"," 0","999.9"," 0","  4.1","24","  8.9","999.9","  72.0","*","  59.4","*"," 0.00","I","999.9","000000"
"99403699999","2015-08-26","37.928","-122.4","5.6","RICHMOND, CA US","  64.2","24","9999.9"," 0","1015.4","24","999.9"," 0","999.9"," 0","  3.6","24","  7.0","999.9","  73.2","*","  59.5","*"," 0.00","I","999.9","000000"
"99403699999","2015-08-27","37.928","-122.4","5.6","RICHMOND, CA US","  68.2","21","9999.9"," 0","1016.3","21","999.9"," 0","999.9"," 0","  4.3","21","  8.9","999.9","  76.1","*","  63.5","*"," 0.00","I","999.9","000000"
"99403699999","2015-08-28","37.928","-122.4","5.6","RICHMOND, CA US","  71.1","18","9999.9"," 0","1013.7","18","999.9"," 0","999.9"," 0","  4.7","18"," 14.0","999.9","  80.8","*","  67.3","*"," 0.00","I","999.9","000000"
"99403699999","2015-08-31","37.928","-122.4","5.6","RICHMOND, CA US","  66.1","15","9999.9"," 0","1013.2","15","999.9"," 0","999.9"," 0","  5.8","15","  8.9","999.9","  70.9","*","  62.8","*"," 0.00","I","999.9","000000"
"99403699999","2015-09-01","37.928","-122.4","5.6","RICHMOND, CA US","  64.5","23","9999.9"," 0","1011.4","23","999.9"," 0","999.9"," 0","  9.1","23"," 13.0","999.9","  72.7","*","  61.7","*"," 0.00","I","999.9","000000"
"99403699999","2015-09-02","37.928","-122.4","5.6","RICHMOND, CA US","  63.5","24","9999.9"," 0","1012.6","24","999.9"," 0","999.9"," 0","  6.1","24"," 11.1","999.9","  67.5","*","  61.2","*"," 0.00","I","999.9","000000"
"99403699999","2015-09-03","37.928","-122.4","5.6","RICHMOND, CA US","  65.4","21","9999.9"," 0","1012.0","21","999.9"," 0","999.9"," 0","  5.2","21","  9.9","999.9","  68.4","*","  62.4","*"," 0.00","I","999.9","000000"
"99403699999","2015-09-04","37.928","-122.4","5.6","RICHMOND, CA US","  62.8","24","9999.9"," 0","1010.4","24","999.9"," 0","999.9"," 0","  7.4","24"," 11.1","999.9","  72.5","*","  58.6","*"," 0.00","I","999.9","000000"
"99403699999","2015-09-05","37.928","-122.4","5.6","RICHMOND, CA US","  65.0","24","9999.9"," 0","1013.1","24","999.9"," 0","999.9"," 0","  5.4","24"," 14.0","999.9","  74.8","*","  59.7","*"," 0.00","I","999.9","000000"
"99403699999","2015-09-06","37.928","-122.4","5.6","RICHMOND, CA US","  68.0","24","9999.9"," 0","1014.3","24","999.9"," 0","999.9"," 0","  3.9","24"," 12.0","999.9","  75.7","*","  61.7","*"," 0.00","I","999.9","000000"
"99403699999","2015-09-07","37.928","-122.4","5.6","RICHMOND, CA US","  69.8","24","9999.9"," 0","1012.8","24","999.9"," 0","999.9"," 0","  4.4","24","  9.9","999.9","  88.5","*","  63.1","*"," 0.00","I","999.9","000000"
"99403699999","2015-09-08","37.928","-122.4","5.6","RICHMOND, CA US","  73.6","24","9999.9"," 0","1011.4","24","999.9"," 0","999.9"," 0","  3.1","24","  8.9","999.9","  90.0","*","  66.4","*"," 0.00","I","999.9","000000"
"99403699999","2015-09-09","37.928","-122.4","5.6","RICHMOND, CA US","  72.4","24","9999.9"," 0","1010.4","24","999.9"," 0","999.9"," 0","  1.9","24","  5.1","999.9","  78.4","*","  66.2","*"," 0.00","I","999.9","000000"
"99403699999","2015-09-10","37.928","-122.4","5.6","RICHMOND, CA US","  68.4","24","9999.9"," 0","1010.6","24","999.9"," 0","999.9"," 0","  3.1","24","  7.0","999.9","  78.6","*","  63.3","*"," 0.00","I","999.9","000000"
"99403699999","2015-09-11","37.928","-122.4","5.6","RICHMOND, CA US","  66.3","24","9999.9"," 0","1012.2","24","999.9"," 0","999.9"," 0","  3.8","24","  8.0","999.9","  74.7","*","  62.6","*"," 0.00","I","999.9","000000"
"99403699999","2015-09-12","37.928","-122.4","5.6","RICHMOND, CA US","  62.7","24","9999.9"," 0","1012.9","24","999.9"," 0","999.9"," 0","  5.4","24","  8.9","999.9","  71.8","*","  58.5","*"," 0.00","I","999.9","000000"
"99403699999","2015-09-13","37.928","-122.4","5.6","RICHMOND, CA US","  64.0","24","9999.9"," 0","1011.1","24","999.9"," 0","999.9"," 0","  6.2","24"," 12.0","999.9","  68.7","*","  60.6","*"," 0.00","I","999.9","000000"
"99403699999","2015-09-14","37.928","-122.4","5.6","RICHMOND, CA US","  61.9","24","9999.9"," 0","1007.4","24","999.9"," 0","999.9"," 0","  8.7","24"," 19.0","999.9","  65.8","*","  60.1","*"," 0.00","I","999.9","000000"
"99403699999","2015-09-15","37.928","-122.4","5.6","RICHMOND, CA US","  61.4","24","9999.9"," 0","1010.1","24","999.9"," 0","999.9"," 0","  7.2","24"," 12.0","999.9","  67.1","*","  58.8","*"," 0.00","I","999.9","000000"
"99403699999","2015-09-16","37.928","-122.4","5.6","RICHMOND, CA US","  62.3","24","9999.9"," 0","1014.5","24","999.9"," 0","999.9"," 0","  7.0","24"," 12.0","999.9","  65.5","*","  59.4","*"," 0.00","I","999.9","000000"
"99403699999","2015-09-17","37.928","-122.4","5.6","RICHMOND, CA US","  62.0","24","9999.9"," 0","1017.0","24","999.9"," 0","999.9"," 0","  5.6","24"," 11.1","999.9","  66.6","*","  59.4","*"," 0.00","I","999.9","000000"
"99403699999","2015-09-18","37.928","-122.4","5.6","RICHMOND, CA US","  64.9","24","9999.9"," 0","1014.9","24","999.9"," 0","999.9"," 0","  3.3","24","  8.0","999.9","  71.2","*","  61.2","*"," 0.00","I","999.9","000000"
"99403699999","2015-09-19","37.928","-122.4","5.6","RICHMOND, CA US","  67.0","24","9999.9"," 0","1011.2","24","999.9"," 0","999.9"," 0","  4.2","24","  8.0","999.9","  82.9","*","  60.6","*"," 0.00","I","999.9","000000"
"99403699999","2015-09-20","37.928","-122.4","5.6","RICHMOND, CA US","  71.8","24","9999.9"," 0","1010.0","24","999.9"," 0","999.9"," 0","  4.0","24"," 11.1","999.9","  89.1","*","  64.6","*"," 0.00","I","999.9","000000"
"99403699999","2015-09-21","37.928","-122.4","5.6","RICHMOND, CA US","  72.5","22","9999.9"," 0","1008.5","22","999.9"," 0","999.9"," 0","  2.6","22","  7.0","999.9","  91.8","*","  67.1","*"," 0.00","I","999.9","000000"
"99403699999","2015-09-22","37.928","-122.4","5.6","RICHMOND, CA US","  62.9","24","9999.9"," 0","1010.0","24","999.9"," 0","999.9"," 0","  7.9","24"," 15.9","999.9","  74.3","*","  59.4","*"," 0.00","I","999.9","000000"
"99403699999","2015-09-23","37.928","-122.4","5.6","RICHMOND, CA US","  60.9","24","9999.9"," 0","1014.6","24","999.9"," 0","999.9"," 0","  4.8","24","  8.9","999.9","  69.1","*","  57.9","*"," 0.00","I","999.9","000000"
"99403699999","2015-09-24","37.928","-122.4","5.6","RICHMOND, CA US","  67.3","24","9999.9"," 0","1013.6","24","999.9"," 0","999.9"," 0","  3.6","24","  7.0","999.9","  81.1","*","  63.5","*"," 0.00","I","999.9","000000"
"99403699999","2015-09-25","37.928","-122.4","5.6","RICHMOND, CA US","  66.7","24","9999.9"," 0","1012.0","24","999.9"," 0","999.9"," 0","  3.5","24","  7.0","999.9","  74.7","*","  62.4","*"," 0.00","I","999.9","000000"
"99403699999","2015-09-26","37.928","-122.4","5.6","RICHMOND, CA US","  64.6","24","9999.9"," 0","1012.7","24","999.9"," 0","999.9"," 0","  5.3","24","  8.0","999.9","  74.7","*","  60.3","*"," 0.00","I","999.9","000000"
"99403699999","2015-09-27","37.928","-122.4","5.6","RICHMOND, CA US","  62.8","24","9999.9"," 0","1009.8","24","999.9"," 0","999.9"," 0","  5.6","24","  8.9","999.9","  68.5","*","  59.4","*"," 0.00","I","999.9","000000"
"99403699999","2015-09-28","37.928","-122.4","5.6","RICHMOND, CA US","  60.5","20","9999.9"," 0","1010.6","20","999.9"," 0","999.9"," 0","  3.8","20","  8.0","999.9","  67.1","*","  57.9","*"," 0.00","I","999.9","000000"
"99403699999","2015-09-29","37.928","-122.4","5.6","RICHMOND, CA US","  61.1","14","9999.9"," 0","1015.0","14","999.9"," 0","999.9"," 0","  4.9","14","  7.0","999.9","  65.1","*","  59.4","*"," 0.00","I","999.9","000000"
"99403699999","2015-09-30","37.928","-122.4","5.6","RICHMOND, CA US","  61.0","24","9999.9"," 0","1015.0","24","999.9"," 0","999.9"," 0","  3.3","24","  7.0","999.9","  65.1","*","  59.2","*"," 0.00","I","999.9","000000"
"99403699999","2015-10-01","37.928","-122.4","5.6","RICHMOND, CA US","  64.1","24","9999.9"," 0","1014.0","24","999.9"," 0","999.9"," 0","  2.9","24","  6.0","999.9","  68.9","*","  61.7","*"," 0.00","I","999.9","000000"
"99403699999","2015-10-02","37.928","-122.4","5.6","RICHMOND, CA US","  64.6","24","9999.9"," 0","1016.3","24","999.9"," 0","999.9"," 0","  4.1","24","  8.9","999.9","  69.6","*","  60.3","*"," 0.00","I","999.9","000000"
"99403699999","2015-10-03","37.928","-122.4","5.6","RICHMOND, CA US","  62.8","24","9999.9"," 0","1007.0","24","999.9"," 0","999.9"," 0","  6.3","24"," 14.0","999.9","  70.3","*","  59.7","*"," 0.00","I","999.9","000000"
"99403699999","2015-10-04","37.928","-122.4","5.6","RICHMOND, CA US","  61.8","24","9999.9"," 0"," 999.7","24","999.9"," 0","999.9"," 0","  5.3","24"," 13.0","999.9","  67.6","*","  59.2","*"," 0.00","I","999.9","000000"
"99403699999","2015-10-05","37.928","-122.4","5.6","RICHMOND, CA US","  64.7","24","9999.9"," 0","1007.8","24","999.9"," 0","999.9"," 0","  4.8","24","  9.9","999.9","  68.4","*","  61.7","*"," 0.00","I","999.9","000000"
"99403699999","2015-10-06","37.928","-122.4","5.6","RICHMOND, CA US","  64.8","24","9999.9"," 0","1016.6","24","999.9"," 0","999.9"," 0","  4.2","24","  8.0","999.9","  68.0","*","  63.0","*"," 0.00","I","999.9","000000"
"99403699999","2015-10-07","37.928","-122.4","5.6","RICHMOND, CA US","  63.2","24","9999.9"," 0","1019.6","24","999.9"," 0","999.9"," 0","  3.1","24","  6.0","999.9","  70.5","*","  59.0","*"," 0.00","I","999.9","000000"
"99403699999","2015-10-08","37.928","-122.4","5.6","RICHMOND, CA US","  65.3","24","9999.9"," 0","1019.0","24","999.9"," 0","999.9"," 0","  2.6","24","  6.0","999.9","  72.5","*","  61.9","*"," 0.00","I","999.9","000000"
"99403699999","2015-10-09","37.928","-122.4","5.6","RICHMOND, CA US","  66.0","24","9999.9"," 0","1017.8","24","999.9"," 0","999.9"," 0","  3.0","24","  8.0","999.9","  71.8","*","  61.0","*"," 0.00","I","999.9","000000"
"99403699999","2015-10-10","37.928","-122.4","5.6","RICHMOND, CA US","  64.4","24","9999.9"," 0","1015.8","24","999.9"," 0","999.9"," 0","  5.4","24","  9.9","999.9","  74.8","*","  59.7","*"," 0.00","I","999.9","000000"
"99403699999","2015-10-11","37.928","-122.4","5.6","RICHMOND, CA US","  65.7","24","9999.9"," 0","1015.8","24","999.9"," 0","999.9"," 0","  4.1","24"," 12.0","999.9","  71.2","*","  62.8","*"," 0.00","I","999.9","000000"
"99403699999","2015-10-12","37.928","-122.4","5.6","RICHMOND, CA US","  65.6","24","9999.9"," 0","1014.5","24","999.9"," 0","999.9"," 0","  3.5","24","  8.9","999.9","  77.2","*","  61.0","*"," 0.00","I","999.9","000000"
"99403699999","2015-10-13","37.928","-122.4","5.6","RICHMOND, CA US","  69.3","24","9999.9"," 0","1014.7","24","999.9"," 0","999.9"," 0","  1.9","24","  6.0","999.9","  77.7","*","  64.6","*"," 0.00","I","999.9","000000"
"99403699999","2015-10-14","37.928","-122.4","5.6","RICHMOND, CA US","  68.6","24","9999.9"," 0","1015.4","24","999.9"," 0","999.9"," 0","  2.5","24","  7.0","999.9","  75.9","*","  64.8","*"," 0.00","I","999.9","000000"
"99403699999","2015-10-15","37.928","-122.4","5.6","RICHMOND, CA US","  65.6","24","9999.9"," 0","1013.8","24","999.9"," 0","999.9"," 0","  4.0","24"," 13.0","999.9","  71.4","*","  62.6","*"," 0.00","I","999.9","000000"
"99403699999","2015-10-16","37.928","-122.4","5.6","RICHMOND, CA US","  63.6","24","9999.9"," 0","1013.3","24","999.9"," 0","999.9"," 0","  3.9","24","  6.0","999.9","  69.4","*","  60.4","*"," 0.00","I","999.9","000000"
"99403699999","2015-10-17","37.928","-122.4","5.6","RICHMOND, CA US","  63.3","24","9999.9"," 0","1013.9","24","999.9"," 0","999.9"," 0","  4.9","24","  8.9","999.9","  68.0","*","  61.0","*"," 0.00","I","999.9","000000"
"99403699999","2015-10-18","37.928","-122.4","5.6","RICHMOND, CA US","  64.5","24","9999.9"," 0","1014.6","24","999.9"," 0","999.9"," 0","  5.6","24","  9.9","999.9","  69.4","*","  61.7","*"," 0.00","I","999.9","000000"
"99403699999","2015-10-19","37.928","-122.4","5.6","RICHMOND, CA US","  63.8","24","9999.9"," 0","1015.8","24","999.9"," 0","999.9"," 0","  5.5","24","  8.0","999.9","  69.4","*","  60.8","*"," 0.00","I","999.9","000000"
"99403699999","2015-10-20","37.928","-122.4","5.6","RICHMOND, CA US","  65.3","24","9999.9"," 0","1014.9","24","999.9"," 0","999.9"," 0","  3.5","24","  8.9","999.9","  71.2","*","  61.3","*"," 0.00","I","999.9","000000"
"99403699999","2015-10-21","37.928","-122.4","5.6","RICHMOND, CA US","  65.8","24","9999.9"," 0","1013.9","24","999.9"," 0","999.9"," 0","  2.2","24","  6.0","999.9","  72.5","*","  61.9","*"," 0.00","I","999.9","000000"
"99403699999","2015-10-22","37.928","-122.4","5.6","RICHMOND, CA US","  63.5","24","9999.9"," 0","1013.5","24","999.9"," 0","999.9"," 0","  3.9","24","  6.0","999.9","  72.3","*","  58.6","*"," 0.00","I","999.9","000000"
"99403699999","2015-10-23","37.928","-122.4","5.6","RICHMOND, CA US","  64.4","24","9999.9"," 0","1015.0","24","999.9"," 0","999.9"," 0","  3.5","24","  7.0","999.9","  70.2","*","  61.2","*"," 0.00","I","999.9","000000"
"99403699999","2015-10-24","37.928","-122.4","5.6","RICHMOND, CA US","  62.6","24","9999.9"," 0","1015.6","24","999.9"," 0","999.9"," 0","  2.6","24","  6.0","999.9","  67.8","*","  58.3","*"," 0.00","I","999.9","000000"
"99403699999","2015-10-25","37.928","-122.4","5.6","RICHMOND, CA US","  63.1","24","9999.9"," 0","1014.8","24","999.9"," 0","999.9"," 0","  2.8","24","  6.0","999.9","  67.8","*","  59.2","*"," 0.00","I","999.9","000000"
"99403699999","2015-10-26","37.928","-122.4","5.6","RICHMOND, CA US","  62.8","24","9999.9"," 0","1015.3","24","999.9"," 0","999.9"," 0","  4.0","24","  8.0","999.9","  69.8","*","  58.8","*"," 0.00","I","999.9","000000"
"99403699999","2015-10-27","37.928","-122.4","5.6","RICHMOND, CA US","  63.7","24","9999.9"," 0","1014.9","24","999.9"," 0","999.9"," 0","  3.2","24","  7.0","999.9","  68.7","*","  59.9","*"," 0.00","I","999.9","000000"
"99403699999","2015-10-28","37.928","-122.4","5.6","RICHMOND, CA US","  64.5","24","9999.9"," 0","1016.3","24","999.9"," 0","999.9"," 0","  3.4","24","  6.0","999.9","  67.6","*","  62.1","*"," 0.00","I","999.9","000000"
"99403699999","2015-10-29","37.928","-122.4","5.6","RICHMOND, CA US","  62.9","21","9999.9"," 0","1016.4","21","999.9"," 0","999.9"," 0","  6.1","21"," 11.1","999.9","  66.6","*","  60.1","*"," 0.00","I","999.9","000000"
"99403699999","2015-10-30","37.928","-122.4","5.6","RICHMOND, CA US","  64.0","15","9999.9"," 0","1016.5","15","999.9"," 0","999.9"," 0","  2.4","15","  4.1","999.9","  71.4","*","  59.9","*"," 0.00","I","999.9","000000"
"99403699999","2015-10-31","37.928","-122.4","5.6","RICHMOND, CA US","  64.8","24","9999.9"," 0","1017.3","24","999.9"," 0","999.9"," 0","  2.7","24","  6.0","999.9","  69.8","*","  61.9","*"," 0.00","I","999.9","000000"
"99403699999","2015-11-01","37.928","-122.4","5.6","RICHMOND, CA US","  63.4","24","9999.9"," 0","1019.6","24","999.9"," 0","999.9"," 0","  3.8","24"," 11.1","999.9","  66.4","*","  61.5","*"," 0.00","I","999.9","000000"
"99403699999","2015-11-02","37.928","-122.4","5.6","RICHMOND, CA US","  59.8","24","9999.9"," 0","1012.7","24","999.9"," 0","999.9"," 0","  5.7","24"," 15.9","999.9","  64.2","*","  56.5","*"," 0.00","I","999.9","000000"
"99403699999","2015-11-03","37.928","-122.4","5.6","RICHMOND, CA US","  58.0","24","9999.9"," 0","1011.1","24","999.9"," 0","999.9"," 0","  6.9","24"," 19.0","999.9","  64.9","*","  55.8","*"," 0.00","I","999.9","000000"
"99403699999","2015-11-04","37.928","-122.4","5.6","RICHMOND, CA US","  59.4","24","9999.9"," 0","1015.4","24","999.9"," 0","999.9"," 0","  9.4","24"," 17.1","999.9","  64.2","*","  56.5","*"," 0.00","I","999.9","000000"
"99403699999","2015-11-05","37.928","-122.4","5.6","RICHMOND, CA US","  56.9","23","9999.9"," 0","1021.5","23","999.9"," 0","999.9"," 0","  3.2","23","  9.9","999.9","  64.6","*","  51.8","*"," 0.00","I","999.9","000000"
"99403699999","2015-11-08","37.928","-122.4","5.6","RICHMOND, CA US","  59.6","11","9999.9"," 0","1015.8","11","999.9"," 0","999.9"," 0","  5.9","11","  8.9","999.9","  63.0","*","  56.1","*"," 0.00","I","999.9","000000"
"99403699999","2015-11-09","37.928","-122.4","5.6","RICHMOND, CA US","  56.3","24","9999.9"," 0","1013.9","24","999.9"," 0","999.9"," 0","  6.0","24"," 11.1","999.9","  61.5","*","  50.5","*"," 0.00","I","999.9","000000"
"99403699999","2015-11-10","37.928","-122.4","5.6","RICHMOND, CA US","  52.9","23","9999.9"," 0","1019.6","23","999.9"," 0","999.9"," 0","  7.1","23","  9.9","999.9","  59.4","*","  49.1","*"," 0.00","I","999.9","000000"
"99403699999","2015-11-11","37.928","-122.4","5.6","RICHMOND, CA US","  53.8","23","9999.9"," 0","1027.7","23","999.9"," 0","999.9"," 0","  4.3","23","  8.0","999.9","  60.4","*","  48.2","*"," 0.00","I","999.9","000000"
"99403699999","2015-11-12","37.928","-122.4","5.6","RICHMOND, CA US","  58.6"," 8","9999.9"," 0","1024.2"," 8","999.9"," 0","999.9"," 0","  5.0"," 8","  7.0","999.9","  61.2","*","  53.8","*"," 0.00","I","999.9","000000"
"99403699999","2015-11-13","37.928","-122.4","5.6","RICHMOND, CA US","  56.5","24","9999.9"," 0","1019.6","24","999.9"," 0","999.9"," 0","  4.5","24","  9.9","999.9","  65.1","*","  50.7","*"," 0.00","I","999.9","000000"
"99403699999","2015-11-14","37.928","-122.4","5.6","RICHMOND, CA US","  56.5","24","9999.9"," 0","1015.1","24","999.9"," 0","999.9"," 0","  6.0","24","  9.9","999.9","  63.9","*","  51.8","*"," 0.00","I","999.9","000000"
"99403699999","2015-11-15","37.928","-122.4","5.6","RICHMOND, CA US","  57.2","24","9999.9"," 0","1010.3","24","999.9"," 0","999.9"," 0","  7.3","24"," 15.0","999.9","  61.2","*","  54.9","*"," 0.00","I","999.9","000000"
"99403699999","2015-11-16","37.928","-122.4","5.6","RICHMOND, CA US","  53.0","23","9999.9"," 0","1021.0","23","999.9"," 0","999.9"," 0"," 15.4","23"," 21.0","999.9","  60.4","*","  48.7","*"," 0.00","I","999.9","000000"
"99403699999","2015-11-17","37.928","-122.4","5.6","RICHMOND, CA US","  55.5","24","9999.9"," 0","1026.7","24","999.9"," 0","999.9"," 0","  6.4","24"," 11.1","999.9","  59.9","*","  52.5","*"," 0.00","I","999.9","000000"
"99403699999","2015-11-18","37.928","-122.4","5.6","RICHMOND, CA US","  57.6","24","9999.9"," 0","1024.4","24","999.9"," 0","999.9"," 0","  2.8","24","  8.0","999.9","  62.2","*","  54.7","*"," 0.00","I","999.9","000000"
"99403699999","2015-11-19","37.928","-122.4","5.6","RICHMOND, CA US","  58.0","23","9999.9"," 0","1021.2","23","999.9"," 0","999.9"," 0","  3.2","23","  8.0","999.9","  64.9","*","  53.6","*"," 0.00","I","999.9","000000"
"99403699999","2015-11-20","37.928","-122.4","5.6","RICHMOND, CA US","  59.6","14","9999.9"," 0","1019.1","14","999.9"," 0","999.9"," 0","  4.2","14","  7.0","999.9","  63.7","*","  56.1","*"," 0.00","I","999.9","000000"
"99403699999","2015-11-21","37.928","-122.4","5.6","RICHMOND, CA US","  58.9","23","9999.9"," 0","1018.3","23","999.9"," 0","999.9"," 0","  5.4","23"," 13.0","999.9","  68.0","*","  54.3","*"," 0.00","I","999.9","000000"
"99403699999","2015-11-22","37.928","-122.4","5.6","RICHMOND, CA US","  60.1","23","9999.9"," 0","1016.1","23","999.9"," 0","999.9"," 0","  6.0","23","  9.9","999.9","  68.0","*","  54.0","*"," 0.00","I","999.9","000000"
"99403699999","2015-11-23","37.928","-122.4","5.6","RICHMOND, CA US","  56.9","24","9999.9"," 0","1013.1","24","999.9"," 0","999.9"," 0","  4.1","24","  8.0","999.9","  65.3","*","  52.2","*"," 0.00","I","999.9","000000"
"99403699999","2015-11-24","37.928","-122.4","5.6","RICHMOND, CA US","  55.1","24","9999.9"," 0","1012.8","24","999.9"," 0","999.9"," 0","  4.3","24","  9.9","999.9","  56.3","*","  53.4","*"," 0.00","I","999.9","000000"
"99403699999","2015-11-25","37.928","-122.4","5.6","RICHMOND, CA US","  48.9","24","9999.9"," 0","1013.1","24","999.9"," 0","999.9"," 0","  0.0","24","999.9","999.9","  53.6","*","  46.0","*"," 0.00","I","999.9","000000"
"99403699999","2015-11-26","37.928","-122.4","5.6","RICHMOND, CA US","  48.8","24","9999.9"," 0","1017.6","24","999.9"," 0","999.9"," 0","  0.0","24","999.9","999.9","  53.4","*","  44.2","*"," 0.00","I","999.9","000000"
"99403699999","2015-11-27","37.928","-122.4","5.6","RICHMOND, CA US","  51.6","24","9999.9"," 0","1019.7","24","999.9"," 0","999.9"," 0","  0.0","24","999.9","999.9","  55.8","*","  49.3","*"," 0.00","I","999.9","000000"
"99403699999","2015-11-28","37.928","-122.4","5.6","RICHMOND, CA US","  50.5","23","9999.9"," 0","1020.3","23","999.9"," 0","999.9"," 0","  0.0","23","999.9","999.9","  55.9","*","  46.0","*"," 0.00","I","999.9","000000"
"99403699999","2015-11-29","37.928","-122.4","5.6","RICHMOND, CA US","  50.8","24","9999.9"," 0","1021.3","24","999.9"," 0","999.9"," 0","  0.0","24","999.9","999.9","  56.3","*","  46.2","*"," 0.00","I","999.9","000000"
"99403699999","2015-11-30","37.928","-122.4","5.6","RICHMOND, CA US","  49.1","23","9999.9"," 0","1022.3","23","999.9"," 0","999.9"," 0","  0.0","23","999.9","999.9","  55.4","*","  45.1","*"," 0.00","I","999.9","000000"
"99403699999","2015-12-01","37.928","-122.4","5.6","RICHMOND, CA US","  49.6","24","9999.9"," 0","1023.2","24","999.9"," 0","999.9"," 0","  0.0","24","999.9","999.9","  57.7","*","  44.8","*"," 0.00","I","999.9","000000"
"99403699999","2015-12-02","37.928","-122.4","5.6","RICHMOND, CA US","  53.5","24","9999.9"," 0","1022.7","24","999.9"," 0","999.9"," 0","  0.0","24","999.9","999.9","  59.0","*","  50.0","*"," 0.00","I","999.9","000000"
"99403699999","2015-12-03","37.928","-122.4","5.6","RICHMOND, CA US","  53.7","24","9999.9"," 0","1016.3","24","999.9"," 0","999.9"," 0","  0.0","24","999.9","999.9","  58.3","*","  49.5","*"," 0.00","I","999.9","000000"
"99403699999","2015-12-04","37.928","-122.4","5.6","RICHMOND, CA US","  54.2","20","9999.9"," 0","1020.2","20","999.9"," 0","999.9"," 0","  0.0","20","999.9","999.9","  58.5","*","  51.6","*"," 0.00","I","999.9","000000"
"99403699999","2015-12-06","37.928","-122.4","5.6","RICHMOND, CA US","  54.1"," 8","9999.9"," 0","1025.3"," 8","999.9"," 0","999.9"," 0","  0.0"," 8","999.9","999.9","  55.6","*","  52.5","*"," 0.00","I","999.9","000000"
"99403699999","2015-12-07","37.928","-122.4","5.6","RICHMOND, CA US","  56.3","24","9999.9"," 0","1025.6","24","999.9"," 0","999.9"," 0","  0.0","24","999.9","999.9","  59.4","*","  54.5","*"," 0.00","I","999.9","000000"
"99403699999","2015-12-08","37.928","-122.4","5.6","RICHMOND, CA US","  55.1","24","9999.9"," 0","1024.2","24","999.9"," 0","999.9"," 0","  0.0","24","999.9","999.9","  58.5","*","  53.2","*"," 0.00","I","999.9","000000"
"99403699999","2015-12-09","37.928","-122.4","5.6","RICHMOND, CA US","  55.8","22","9999.9"," 0","1021.2","22","999.9"," 0","999.9"," 0","  0.0","22","999.9","999.9","  57.9","*","  54.0","*"," 0.00","I","999.9","000000"
"99403699999","2015-12-10","37.928","-122.4","5.6","RICHMOND, CA US","  58.6","19","9999.9"," 0","1013.9","19","999.9"," 0","999.9"," 0","  0.8","19","  8.0","999.9","  59.9","*","  56.7","*"," 0.00","I","999.9","000000"
"99403699999","2015-12-11","37.928","-122.4","5.6","RICHMOND, CA US","  52.9","24","9999.9"," 0","1011.4","24","999.9"," 0","999.9"," 0","  5.4","24"," 13.0","999.9","  58.5","*","  47.7","*"," 0.00","I","999.9","000000"
"99403699999","2015-12-12","37.928","-122.4","5.6","RICHMOND, CA US","  51.9","24","9999.9"," 0","1018.4","24","999.9"," 0","999.9"," 0","  4.2","24","  8.0","999.9","  55.8","*","  48.7","*"," 0.00","I","999.9","000000"
"99403699999","2015-12-13","37.928","-122.4","5.6","RICHMOND, CA US","  54.2","24","9999.9"," 0","1017.6","24","999.9"," 0","999.9"," 0","  9.5","24"," 19.0","999.9","  56.3","*","  50.2","*"," 0.00","I","999.9","000000"
"99403699999","2015-12-14","37.928","-122.4","5.6","RICHMOND, CA US","  49.7","24","9999.9"," 0","1018.6","24","999.9"," 0","999.9"," 0"," 11.9","24"," 15.0","999.9","  55.2","*","  46.8","*"," 0.00","I","999.9","000000"
"99403699999","2015-12-15","37.928","-122.4","5.6","RICHMOND, CA US","  50.4","24","9999.9"," 0","1020.8","24","999.9"," 0","999.9"," 0","  9.5","24"," 17.1","999.9","  56.5","*","  46.2","*"," 0.00","I","999.9","000000"
"99403699999","2015-12-16","37.928","-122.4","5.6","RICHMOND, CA US","  49.4","24","9999.9"," 0","1023.0","24","999.9"," 0","999.9"," 0","  3.8","24"," 11.1","999.9","  56.8","*","  45.9","*"," 0.00","I","999.9","000000"
"99403699999","2015-12-17","37.928","-122.4","5.6","RICHMOND, CA US","  49.3","24","9999.9"," 0","1024.3","24","999.9"," 0","999.9"," 0","  3.3","24","  7.0","999.9","  54.0","*","  45.9","*"," 0.00","I","999.9","000000"
"99403699999","2015-12-18","37.928","-122.4","5.6","RICHMOND, CA US","  52.9","23","9999.9"," 0","1019.7","23","999.9"," 0","999.9"," 0","  6.1","23"," 13.0","999.9","  56.3","*","  50.2","*"," 0.00","I","999.9","000000"
"99403699999","2015-12-19","37.928","-122.4","5.6","RICHMOND, CA US","  52.6","24","9999.9"," 0","1014.5","24","999.9"," 0","999.9"," 0","  4.8","24"," 14.0","999.9","  55.8","*","  50.9","*"," 0.00","I","999.9","000000"
"99403699999","2015-12-20","37.928","-122.4","5.6","RICHMOND, CA US","  49.6","24","9999.9"," 0","1020.1","24","999.9"," 0","999.9"," 0","  7.4","24"," 12.0","999.9","  53.4","*","  47.3","*"," 0.00","I","999.9","000000"
"99403699999","2015-12-21","37.928","-122.4","5.6","RICHMOND, CA US","  53.4","24","9999.9"," 0","1018.5","24","999.9"," 0","999.9"," 0","  9.4","24"," 13.0","999.9","  58.5","*","  50.0","*"," 0.00","I","999.9","000000"
"99403699999","2015-12-22","37.928","-122.4","5.6","RICHMOND, CA US","  58.2","24","9999.9"," 0","1009.9","24","999.9"," 0","999.9"," 0","  6.9","24"," 13.0","999.9","  60.4","*","  55.9","*"," 0.00","I","999.9","000000"
"99403699999","2015-12-23","37.928","-122.4","5.6","RICHMOND, CA US","  52.9","24","9999.9"," 0","1013.7","24","999.9"," 0","999.9"," 0"," 11.6","24"," 18.1","999.9","  56.7","*","  49.5","*"," 0.00","I","999.9","000000"
"99403699999","2015-12-24","37.928","-122.4","5.6","RICHMOND, CA US","  51.1","24","9999.9"," 0","1014.5","24","999.9"," 0","999.9"," 0","  0.0","24","999.9","999.9","  54.1","*","  47.5","*"," 0.00","I","999.9","000000"
"99403699999","2015-12-25","37.928","-122.4","5.6","RICHMOND, CA US","  46.8","24","9999.9"," 0","1019.6","24","999.9"," 0","999.9"," 0","  0.0","24","999.9","999.9","  50.2","*","  45.3","*"," 0.00","I","999.9","000000"
"99403699999","2015-12-26","37.928","-122.4","5.6","RICHMOND, CA US","  48.2","24","9999.9"," 0","1028.6","24","999.9"," 0","999.9"," 0","  0.0","24","999.9","999.9","  52.3","*","  45.7","*"," 0.00","I","999.9","000000"
"99403699999","2015-12-27","37.928","-122.4","5.6","RICHMOND, CA US","  44.5","24","9999.9"," 0","1026.1","24","999.9"," 0","999.9"," 0","  0.0","24","999.9","999.9","  52.5","*","  38.7","*"," 0.00","I","999.9","000000"
"99403699999","2015-12-28","37.928","-122.4","5.6","RICHMOND, CA US","  43.9","20","9999.9"," 0","1019.0","20","999.9"," 0","999.9"," 0","  0.0","20","999.9","999.9","  47.7","*","  40.5","*"," 0.00","I","999.9","000000"
"99403699999","2015-12-29","37.928","-122.4","5.6","RICHMOND, CA US","  47.9","24","9999.9"," 0","1017.7","24","999.9"," 0","999.9"," 0","  0.0","24","999.9","999.9","  54.9","*","  43.7","*"," 0.00","I","999.9","000000"
"99403699999","2015-12-30","37.928","-122.4","5.6","RICHMOND, CA US","  46.2","24","9999.9"," 0","1022.7","24","999.9"," 0","999.9"," 0","  0.0","24","999.9","999.9","  53.8","*","  43.0","*"," 0.00","I","999.9","000000"
"99403699999","2015-12-31","37.928","-122.4","5.6","RICHMOND, CA US","  44.7","24","9999.9"," 0","1023.8","24","999.9"," 0","999.9"," 0","  0.0","24","999.9","999.9","  51.3","*","  39.9","*"," 0.00","I","999.9","000000"
