"STATION","DATE","LATITUDE","LONGITUDE","ELEVATION","NAME","TEMP","TEMP_ATTRIBUTES","DEWP","DEWP_ATTRIBUTES","SLP","SLP_ATTRIBUTES","STP","STP_ATTRIBUTES","VISIB","VISIB_ATTRIBUTES","WDSP","WDSP_ATTRIBUTES","MXSPD","GUST","MAX","MAX_ATTRIBUTES","MIN","MIN_ATTRIBUTES","PRCP","PRCP_ATTRIBUTES","SNDP","FRSHTT"
"72380523179","2019-01-01","34.76783","-114.61842","270.6","NEEDLES AIRPORT, CA US","  44.9","24","   9.7","24","1018.3","24","985.6","24"," 10.0"," 8"," 14.6","24"," 28.0"," 38.1","  55.0"," ","  37.0"," "," 0.00","G","999.9","000000"
"72380523179","2019-01-02","34.76783","-114.61842","270.6","NEEDLES AIRPORT, CA US","  44.1","24","   4.7","24","1022.9","24","989.8","24"," 10.0","17"," 14.2","24"," 26.0"," 35.0","  54.0"," ","  37.9"," "," 0.00","G","999.9","000000"
"72380523179","2019-01-03","34.76783","-114.61842","270.6","NEEDLES AIRPORT, CA US","  45.9","24","  10.4","24","1024.6","24","991.6","24"," 10.0","24","  7.9","24"," 12.0","999.9","  60.1"," ","  33.1"," "," 0.00","G","999.9","000000"
"72380523179","2019-01-04","34.76783","-114.61842","270.6","NEEDLES AIRPORT, CA US","  46.0","24","  16.1","24","1020.5","24","987.7","24"," 10.0","24","  4.3","24","  8.0","999.9","  60.1"," ","  32.0"," "," 0.00","G","999.9","000000"
"72380523179","2019-01-05","34.76783","-114.61842","270.6","NEEDLES AIRPORT, CA US","  45.8","24","  18.4","24","1016.4","24","983.8","24"," 10.0","24","  3.1","24","  8.0","999.9","  60.1"," ","  32.0"," "," 0.00","G","999.9","010000"
"72380523179","2019-01-06","34.76783","-114.61842","270.6","NEEDLES AIRPORT, CA US","  47.0","24","  41.4","24","1016.3","12","983.7","24","  8.2","24","  3.9","24"," 11.1","999.9","  55.9"," ","  39.0"," "," 0.51","G","999.9","010000"
"72380523179","2019-01-07","34.76783","-114.61842","270.6","NEEDLES AIRPORT, CA US","  51.7","24","  43.2","24","1021.6","23","989.1","24"," 10.0","24","  4.7","24","  8.9","999.9","  61.0"," ","  43.0"," "," 0.01","G","999.9","000000"
"72380523179","2019-01-08","34.76783","-114.61842","270.6","NEEDLES AIRPORT, CA US","  54.3","24","  42.8","24","1022.8","24","990.5","24"," 10.0","24","  6.6","24"," 12.0","999.9","  63.0"," ","  46.0"," "," 0.00","G","999.9","000000"
"72380523179","2019-01-09","34.76783","-114.61842","270.6","NEEDLES AIRPORT, CA US","  54.0","24","  42.0","24","1020.0","24","987.8","24"," 10.0","24","  3.2","24","  8.0","999.9","  66.9"," ","  46.0"," "," 0.00","G","999.9","000000"
"72380523179","2019-01-10","34.76783","-114.61842","270.6","NEEDLES AIRPORT, CA US","  55.6","24","  42.7","24","1017.5","24","985.4","24"," 10.0","24","  4.2","24","  7.0","999.9","  70.0"," ","  46.0"," "," 0.00","G","999.9","000000"
"72380523179","2019-01-11","34.76783","-114.61842","270.6","NEEDLES AIRPORT, CA US","  55.8","24","  40.0","24","1017.8","24","985.7","24"," 10.0","24","  5.0","24","  8.9","999.9","  70.0"," ","  45.0"," "," 0.00","G","999.9","000000"
"72380523179","2019-01-12","34.76783","-114.61842","270.6","NEEDLES AIRPORT, CA US","  54.6","24","  36.0","24","1016.7","24","984.7","24"," 10.0","24","  4.0","24","  9.9","999.9","  68.0"," ","  45.0"," "," 0.00","G","999.9","000000"
"72380523179","2019-01-13","34.76783","-114.61842","270.6","NEEDLES AIRPORT, CA US","  54.3","24","  38.0","24","1017.5","24","985.4","24"," 10.0","24","  6.6","24"," 13.0"," 14.0","  64.0"," ","  45.0"," "," 0.02","G","999.9","010000"
"72380523179","2019-01-14","34.76783","-114.61842","270.6","NEEDLES AIRPORT, CA US","  53.7","24","  32.2","24","1018.9","24","986.7","24"," 10.0","24","  5.2","24","  8.0","999.9","  64.0"," ","  45.0"," "," 0.00","G","999.9","010000"
"72380523179","2019-01-15","34.76783","-114.61842","270.6","NEEDLES AIRPORT, CA US","  51.7","24","  46.2","24","1016.6","14","984.4","24","  9.0","24","  1.5","24","  7.0","999.9","  59.0"," ","  46.9"," "," 0.23","G","999.9","010000"
"72380523179","2019-01-16","34.76783","-114.61842","270.6","NEEDLES AIRPORT, CA US","  55.4","24","  49.3","24","1019.9","22","987.8","24"," 10.0","24","  2.6","24","  5.1","999.9","  66.0"," ","  50.0"," "," 0.58","G","999.9","010000"
"72380523179","2019-01-17","34.76783","-114.61842","270.6","NEEDLES AIRPORT, CA US","  57.6","24","  51.0","24","1019.8","24","987.9","24"," 10.0","24","  3.0","24","  7.0","999.9","  66.0"," ","  51.1"," "," 0.00","G","999.9","010000"
"72380523179","2019-01-18","34.76783","-114.61842","270.6","NEEDLES AIRPORT, CA US","  60.1","24","  48.3","24","1018.6","24","986.8","24"," 10.0","24","  6.3","24"," 15.0","999.9","  70.0"," ","  50.0"," "," 0.02","G","999.9","010000"
"72380523179","2019-01-19","34.76783","-114.61842","270.6","NEEDLES AIRPORT, CA US","  58.4","24","  35.6","24","1025.1","24","993.0","24"," 10.0","24","  7.5","24"," 12.0","999.9","  70.0"," ","  48.9"," "," 0.00","G","999.9","000000"
"72380523179","2019-01-20","34.76783","-114.61842","270.6","NEEDLES AIRPORT, CA US","  55.8","24","  37.7","24","1020.1","24","988.1","24"," 10.0","24","  4.3","24","  9.9","999.9","  69.1"," ","  46.0"," "," 0.00","G","999.9","000000"
"72380523179","2019-01-21","34.76783","-114.61842","270.6","NEEDLES AIRPORT, CA US","  58.9","24","  34.8","24","1010.4","24","978.8","24"," 10.0","24","  9.2","24"," 21.0"," 28.0","  66.0"," ","  46.0"," "," 0.00","G","999.9","000000"
"72380523179","2019-01-22","34.76783","-114.61842","270.6","NEEDLES AIRPORT, CA US","  54.7","24","  21.7","24","1019.0","24","987.0","24"," 10.0","24"," 14.6","24"," 28.9"," 38.1","  64.0"," ","  48.9"," "," 0.00","G","999.9","000000"
"72380523179","2019-01-23","34.76783","-114.61842","270.6","NEEDLES AIRPORT, CA US","  51.8","24","  17.9","24","1027.0","24","994.4","24"," 10.0","24","  7.9","24"," 15.9"," 22.0","  62.1"," ","  43.0"," "," 0.00","G","999.9","000000"
"72380523179","2019-01-24","34.76783","-114.61842","270.6","NEEDLES AIRPORT, CA US","  54.5","24","  24.2","24","1022.2","24","989.8","24"," 10.0","24","  7.7","24"," 19.0"," 22.0","  70.0"," ","  42.1"," "," 0.00","G","999.9","000000"
"72380523179","2019-01-25","34.76783","-114.61842","270.6","NEEDLES AIRPORT, CA US","  57.6","24","  27.3","24","1021.1","24","989.1","24"," 10.0","24","  8.3","24"," 15.9"," 20.0","  70.0"," ","  42.1"," "," 0.00","G","999.9","000000"
"72380523179","2019-01-26","34.76783","-114.61842","270.6","NEEDLES AIRPORT, CA US","  60.0","24","  24.2","24","1022.5","24","990.5","24"," 10.0","24"," 11.2","24"," 22.9"," 29.9","  71.1"," ","  46.0"," "," 0.00","G","999.9","000000"
"72380523179","2019-01-27","34.76783","-114.61842","270.6","NEEDLES AIRPORT, CA US","  62.4","23","  26.6","23","1021.5","23","989.7","23"," 10.0","23","  9.2","23"," 15.9"," 17.1","  73.0","*","  54.0","*"," 0.00","G","999.9","000000"
"72380523179","2019-01-28","34.76783","-114.61842","270.6","NEEDLES AIRPORT, CA US","  61.1","24","  31.5","24","1014.9","23","983.3","24"," 10.0","24","  7.4","24"," 17.1"," 24.1","  75.9"," ","  48.9"," "," 0.00","G","999.9","000000"
"72380523179","2019-01-29","34.76783","-114.61842","270.6","NEEDLES AIRPORT, CA US","  66.0","24","  27.3","24","1012.6","24","981.4","24"," 10.0","23","  8.7","24"," 13.0","999.9","  75.9"," ","  48.9"," "," 0.00","G","999.9","000000"
"72380523179","2019-01-30","34.76783","-114.61842","270.6","NEEDLES AIRPORT, CA US","  64.7","24","  26.7","24","1010.9","24","979.7","24"," 10.0","24","  8.3","24"," 15.0"," 19.0","  73.0"," ","  57.9"," "," 0.00","G","999.9","000000"
"72380523179","2019-01-31","34.76783","-114.61842","270.6","NEEDLES AIRPORT, CA US","  59.8","24","  28.5","24","1012.2","24","980.7","24"," 10.0","24","  3.2","24","  8.9","999.9","  72.0"," ","  48.9"," "," 0.00","G","999.9","000000"
"72380523179","2019-02-01","34.76783","-114.61842","270.6","NEEDLES AIRPORT, CA US","  61.0","24","  33.5","24","1013.0","24","981.5","24"," 10.0","24","  3.3","24","  7.0","999.9","  73.0"," ","  48.9"," "," 0.00","G","999.9","000000"
"72380523179","2019-02-02","34.76783","-114.61842","270.6","NEEDLES AIRPORT, CA US","  63.3","24","  47.0","24","1011.3","24","979.9","24"," 10.0","24","  6.5","24"," 14.0"," 18.1","  73.0"," ","  48.9"," "," 0.00","G","999.9","010000"
"72380523179","2019-02-03","34.76783","-114.61842","270.6","NEEDLES AIRPORT, CA US","  60.1","24","  46.3","24","1007.3","24","975.9","24"," 10.0","24","  9.0","24"," 17.1"," 25.1","  69.1"," ","  51.1"," "," 0.20","G","999.9","010000"
"72380523179","2019-02-04","34.76783","-114.61842","270.6","NEEDLES AIRPORT, CA US","  57.9","24","  41.5","24","1007.9","24","976.3","24"," 10.0","24","  7.3","24"," 17.1"," 21.0","  66.0"," ","  51.1"," "," 0.00","G","999.9","000000"
"72380523179","2019-02-05","34.76783","-114.61842","270.6","NEEDLES AIRPORT, CA US","  59.6","24","  39.3","24","1006.1","24","974.7","24"," 10.0","24"," 16.0","24"," 21.0"," 29.9","  66.0"," ","  51.1"," "," 0.01","G","999.9","010000"
"72380523179","2019-02-06","34.76783","-114.61842","270.6","NEEDLES AIRPORT, CA US","  51.4","24","  21.6","24","1011.6","24","979.7","24"," 10.0","24","  9.7","24"," 17.1"," 27.0","  66.0"," ","  43.0"," "," 0.00","G","999.9","010000"
"72380523179","2019-02-07","34.76783","-114.61842","270.6","NEEDLES AIRPORT, CA US","  47.5","24","  17.3","24","1023.4","24","990.6","24"," 10.0","24","  5.0","23"," 11.1","999.9","  57.9"," ","  35.1"," "," 0.00","G","999.9","000000"
"72380523179","2019-02-08","34.76783","-114.61842","270.6","NEEDLES AIRPORT, CA US","  48.0","24","  19.0","24","1021.8","24","989.1","24"," 10.0","24","  4.6","24","  7.0","999.9","  60.1"," ","  35.1"," "," 0.00","G","999.9","000000"
"72380523179","2019-02-09","34.76783","-114.61842","270.6","NEEDLES AIRPORT, CA US","  49.9","24","  25.8","24","1014.0","24","981.7","24"," 10.0","24","  3.7","24"," 12.0","999.9","  64.0"," ","  36.0"," "," 0.00","G","999.9","000000"
"72380523179","2019-02-10","34.76783","-114.61842","270.6","NEEDLES AIRPORT, CA US","  54.4","24","  29.8","24","1012.6","24","980.7","24"," 10.0","24","  8.1","24"," 18.1"," 26.0","  64.9"," ","  42.1"," "," 0.00","G","999.9","000000"
"72380523179","2019-02-11","34.76783","-114.61842","270.6","NEEDLES AIRPORT, CA US","  52.6","24","  16.4","24","1016.3","24","983.7","24"," 10.0","24"," 10.5","24"," 20.0"," 34.0","  64.9"," ","  39.9"," "," 0.00","G","999.9","000000"
"72380523179","2019-02-12","34.76783","-114.61842","270.6","NEEDLES AIRPORT, CA US","  49.0","24","  16.1","24","1022.6","24","990.0","24"," 10.0","24","  4.3","24","  7.0","999.9","  62.1"," ","  36.0"," "," 0.00","G","999.9","000000"
"72380523179","2019-02-13","34.76783","-114.61842","270.6","NEEDLES AIRPORT, CA US","  55.1","24","  24.5","24","1015.3","23","983.0","24"," 10.0","24","  3.4","24"," 13.0","999.9","  68.0"," ","  36.0"," "," 0.00","G","999.9","000000"
"72380523179","2019-02-14","34.76783","-114.61842","270.6","NEEDLES AIRPORT, CA US","  56.2","24","  41.2","24","1012.0","17","979.6","24","  8.7","24","  5.9","24"," 14.0","999.9","  68.0"," ","  48.0"," "," 0.01","G","999.9","010000"
"72380523179","2019-02-15","34.76783","-114.61842","270.6","NEEDLES AIRPORT, CA US","  56.5","24","  47.6","24","1012.0","23","979.8","24","  9.9","24","  5.6","24"," 12.0","999.9","  64.9"," ","  48.9"," "," 0.83","G","999.9","010000"
"72380523179","2019-02-16","34.76783","-114.61842","270.6","NEEDLES AIRPORT, CA US","  56.1","24","  36.4","24","1012.9","24","981.0","24"," 10.0","24","  7.0","24"," 15.9","999.9","  64.9"," ","  48.9"," "," 0.00","G","999.9","000000"
"72380523179","2019-02-17","34.76783","-114.61842","270.6","NEEDLES AIRPORT, CA US","  52.4","24","  28.2","24","1012.4","24","980.4","24"," 10.0","24","  8.3","24"," 15.9"," 24.1","  63.0"," ","  42.1"," "," 0.00","G","999.9","000000"
"72380523179","2019-02-18","34.76783","-114.61842","270.6","NEEDLES AIRPORT, CA US","  48.5","24","  33.4","24","1012.9","23","980.6","24"," 10.0","24","  5.1","24"," 15.9","999.9","  60.1"," ","  42.1"," "," 0.09","G","999.9","010000"
"72380523179","2019-02-19","34.76783","-114.61842","270.6","NEEDLES AIRPORT, CA US","  48.2","24","  22.3","24","1016.3","24","983.8","24"," 10.0","24","  6.6","24"," 13.0"," 15.9","  55.9"," ","  41.0"," "," 0.00","G","999.9","000000"
"72380523179","2019-02-20","34.76783","-114.61842","270.6","NEEDLES AIRPORT, CA US","  45.5","24","  23.4","24","1013.9","24","981.3","24"," 10.0","24","  6.6","24"," 20.0"," 29.9","  57.0"," ","  35.1"," "," 0.00","G","999.9","000000"
"72380523179","2019-02-21","34.76783","-114.61842","270.6","NEEDLES AIRPORT, CA US","  46.9","24","  34.1","24","1003.0","16","970.8","24","  9.9","24","  7.2","24"," 12.0","999.9","  57.0"," ","  35.1"," "," 0.04","G","999.9","010000"
"72380523179","2019-02-22","34.76783","-114.61842","270.6","NEEDLES AIRPORT, CA US","  47.0","24","  32.8","24","1009.3","21","976.4","24","  9.9","24"," 10.1","24"," 18.1"," 20.0","  57.0"," ","  37.0"," "," 0.55","G","999.9","010000"
"72380523179","2019-02-23","34.76783","-114.61842","270.6","NEEDLES AIRPORT, CA US","  45.9","24","  28.1","24","1022.7","24","989.9","24"," 10.0","24","  2.8","24","  8.9","999.9","  60.1"," ","  34.0"," "," 0.00","G","999.9","000000"
"72380523179","2019-02-24","34.76783","-114.61842","270.6","NEEDLES AIRPORT, CA US","  50.4","24","  30.0","24","1022.7","24","990.1","24"," 10.0","24","  5.0","24"," 11.1","999.9","  64.0"," ","  34.0"," "," 0.00","G","999.9","000000"
"72380523179","2019-02-25","34.76783","-114.61842","270.6","NEEDLES AIRPORT, CA US","  52.4","24","  33.1","24","1017.1","24","984.9","24"," 10.0","24","  3.9","24","  7.0","999.9","  68.0"," ","  41.0"," "," 0.00","G","999.9","000000"
"72380523179","2019-02-26","34.76783","-114.61842","270.6","NEEDLES AIRPORT, CA US","  56.9","24","  34.9","24","1016.9","24","984.9","24"," 10.0","24","  4.4","24","  8.0","999.9","  72.0"," ","  42.1"," "," 0.00","G","999.9","000000"
"72380523179","2019-02-27","34.76783","-114.61842","270.6","NEEDLES AIRPORT, CA US","  62.7","24","  36.8","24","1015.7","24","984.1","24"," 10.0","24","  4.5","24","  9.9","999.9","  75.9"," ","  44.1"," "," 0.00","G","999.9","000000"
"72380523179","2019-02-28","34.76783","-114.61842","270.6","NEEDLES AIRPORT, CA US","  63.5","24","  36.9","24","1014.6","24","983.2","24"," 10.0","24","  5.0","24","  9.9","999.9","  78.1"," ","  50.0"," "," 0.00","G","999.9","000000"
"72380523179","2019-03-01","34.76783","-114.61842","270.6","NEEDLES AIRPORT, CA US","  68.6","24","  44.5","24","1012.2","24","981.2","24"," 10.0","24","  5.7","24"," 13.0"," 22.0","  81.0"," ","  50.0"," "," 0.00","G","999.9","000000"
"72380523179","2019-03-02","34.76783","-114.61842","270.6","NEEDLES AIRPORT, CA US","  69.5","24","  42.8","24","1009.8","24","978.9","24"," 10.0","24","  7.2","24"," 19.0"," 27.0","  81.0"," ","  59.0"," "," 0.00","G","999.9","010000"
"72380523179","2019-03-03","34.76783","-114.61842","270.6","NEEDLES AIRPORT, CA US","  68.2","24","  42.8","24","1011.1","24","980.1","24"," 10.0","24","  7.8","24"," 15.9"," 24.1","  81.0"," ","  55.9"," "," 0.00","G","999.9","000000"
"72380523179","2019-03-04","34.76783","-114.61842","270.6","NEEDLES AIRPORT, CA US","  64.6","24","  38.2","24","1011.5","24","980.3","24"," 10.0","24","  4.8","24"," 11.1","999.9","  79.0"," ","  52.0"," "," 0.00","G","999.9","000000"
"72380523179","2019-03-05","34.76783","-114.61842","270.6","NEEDLES AIRPORT, CA US","  63.8","23","  40.1","23","1013.9","23","982.5","23"," 10.0","23","  4.5","23"," 11.1"," 15.0","  79.0"," ","  50.0"," "," 0.00","G","999.9","000000"
"72380523179","2019-03-06","34.76783","-114.61842","270.6","NEEDLES AIRPORT, CA US","  71.4","24","  42.7","24","1010.1","23","979.2","24"," 10.0","24","  9.7","24"," 19.0"," 27.0","  82.0"," ","  50.0"," "," 0.00","G","999.9","010000"
"72380523179","2019-03-07","34.76783","-114.61842","270.6","NEEDLES AIRPORT, CA US","  68.0","24","  41.9","24","1010.4","24","979.5","24"," 10.0","24","  6.7","24"," 11.1"," 17.1","  82.0"," ","  57.0"," "," 0.01","G","999.9","000000"
"72380523179","2019-03-08","34.76783","-114.61842","270.6","NEEDLES AIRPORT, CA US","  63.1","24","  30.6","24","1008.1","24","977.1","21"," 10.0","24"," 11.8","24"," 21.0"," 33.0","  75.9"," ","  51.1"," "," 0.00","G","999.9","000000"
"72380523179","2019-03-09","34.76783","-114.61842","270.6","NEEDLES AIRPORT, CA US","  56.6","24","  26.1","24","1012.1","24","980.4","24"," 10.0","24","  5.2","24"," 12.0"," 15.0","  68.0"," ","  45.0"," "," 0.00","G","999.9","000000"
"72380523179","2019-03-10","34.76783","-114.61842","270.6","NEEDLES AIRPORT, CA US","  58.0","24","  29.9","24","1010.2","24","978.6","24"," 10.0","24","  3.2","24","  7.0","999.9","  66.9"," ","  45.0"," "," 0.00","G","999.9","000000"
"72380523179","2019-03-11","34.76783","-114.61842","270.6","NEEDLES AIRPORT, CA US","  58.9","24","  32.9","24","1011.1","24","979.5","24"," 10.0","24","  6.9","24"," 14.0","999.9","  70.0"," ","  48.0"," "," 0.00","G","999.9","000000"
"72380523179","2019-03-12","34.76783","-114.61842","270.6","NEEDLES AIRPORT, CA US","  56.9","24","  47.8","24","1006.7","19","975.1","24","  9.7","24","  6.5","24"," 11.1"," 17.1","  70.0"," ","  48.0"," "," 0.11","G","999.9","010000"
"72380523179","2019-03-13","34.76783","-114.61842","270.6","NEEDLES AIRPORT, CA US","  60.9","24","  33.1","24","1006.6","24","975.2","24"," 10.0","24"," 12.2","24"," 18.1"," 27.0","  66.9"," ","  53.1"," "," 0.43","G","999.9","010000"
"72380523179","2019-03-14","34.76783","-114.61842","270.6","NEEDLES AIRPORT, CA US","  56.0","24","  20.0","24","1020.4","24","988.4","24"," 10.0","24"," 13.0","24"," 22.9"," 33.0","  66.9"," ","  46.9"," "," 0.00","G","999.9","000000"
"72380523179","2019-03-15","34.76783","-114.61842","270.6","NEEDLES AIRPORT, CA US","  60.4","24","  24.6","24","1020.4","24","988.5","24"," 10.0","24"," 15.9","24"," 22.9"," 31.1","  73.0"," ","  46.9"," "," 0.00","G","999.9","000000"
"72380523179","2019-03-16","34.76783","-114.61842","270.6","NEEDLES AIRPORT, CA US","  66.2","24","  25.5","24","1015.7","24","984.4","24"," 10.0","24"," 15.2","24"," 22.0"," 27.0","  79.0"," ","  52.0"," "," 0.00","G","999.9","000000"
"72380523179","2019-03-17","34.76783","-114.61842","270.6","NEEDLES AIRPORT, CA US","  68.4","24","  32.8","24","1015.5","24","984.3","24"," 10.0","24","  6.6","24"," 11.1"," 15.0","  82.9"," ","  54.0"," "," 0.00","G","999.9","000000"
"72380523179","2019-03-18","34.76783","-114.61842","270.6","NEEDLES AIRPORT, CA US","  68.4","24","  37.2","24","1013.5","24","982.4","24"," 10.0","24","  3.3","24","  8.0","999.9","  84.0"," ","  54.0"," "," 0.00","G","999.9","000000"
"72380523179","2019-03-19","34.76783","-114.61842","270.6","NEEDLES AIRPORT, CA US","  69.3","24","  37.6","24","1012.3","24","981.3","24"," 10.0","24","  3.8","24","  9.9","999.9","  84.9"," ","  54.0"," "," 0.00","G","999.9","000000"
"72380523179","2019-03-20","34.76783","-114.61842","270.6","NEEDLES AIRPORT, CA US","  69.3","24","  39.1","24","1010.2","24","979.4","24"," 10.0","24","  4.9","24"," 13.0","999.9","  84.9"," ","  55.0"," "," 0.00","G","999.9","000000"
"72380523179","2019-03-21","34.76783","-114.61842","270.6","NEEDLES AIRPORT, CA US","  62.4","24","  37.6","24","1012.9","24","981.5","24"," 10.0","24","  8.5","24"," 15.0"," 22.0","  73.9"," ","  52.0"," "," 0.00","G","999.9","000000"
"72380523179","2019-03-22","34.76783","-114.61842","270.6","NEEDLES AIRPORT, CA US","  60.1","24","  36.8","24","1016.0","24","984.4","24"," 10.0","24","  3.9","24","  9.9","999.9","  75.0"," ","  46.9"," "," 0.00","G","999.9","000000"
"72380523179","2019-03-23","34.76783","-114.61842","270.6","NEEDLES AIRPORT, CA US","  66.6","24","  35.4","24","1015.2","24","983.9","24"," 10.0","24","  5.8","24"," 15.0"," 22.0","  80.1"," ","  46.9"," "," 0.00","G","999.9","000000"
"72380523179","2019-03-24","34.76783","-114.61842","270.6","NEEDLES AIRPORT, CA US","  67.3","24","  33.3","24","1015.5","24","984.4","24"," 10.0","24","  4.7","24"," 11.1","999.9","  80.1"," ","  52.0"," "," 0.00","G","999.9","000000"
"72380523179","2019-03-25","34.76783","-114.61842","270.6","NEEDLES AIRPORT, CA US","  66.6","24","  30.9","24","1018.0","24","986.7","24"," 10.0","24","  3.8","24","  9.9","999.9","  82.9"," ","  51.1"," "," 0.00","G","999.9","000000"
"72380523179","2019-03-26","34.76783","-114.61842","270.6","NEEDLES AIRPORT, CA US","  68.6","24","  28.0","24","1012.9","24","981.9","24"," 10.0","24","  3.0","24"," 11.1","999.9","  84.9"," ","  51.1"," "," 0.00","G","999.9","000000"
"72380523179","2019-03-27","34.76783","-114.61842","270.6","NEEDLES AIRPORT, CA US","  71.0","24","  27.5","24","1010.7","24","979.8","24"," 10.0","24","  4.6","24"," 11.1","999.9","  84.9"," ","  52.0"," "," 0.00","G","999.9","000000"
"72380523179","2019-03-28","34.76783","-114.61842","270.6","NEEDLES AIRPORT, CA US","  69.1","24","  26.7","24","1013.9","24","982.8","24"," 10.0","24","  6.5","23"," 12.0"," 15.0","  82.0"," ","  55.0"," "," 0.00","G","999.9","000000"
"72380523179","2019-03-29","34.76783","-114.61842","270.6","NEEDLES AIRPORT, CA US","  69.2","24","  23.3","24","1015.4","24","984.4","24"," 10.0","24","  7.8","24"," 17.1"," 24.1","  82.0"," ","  54.0"," "," 0.00","G","999.9","000000"
"72380523179","2019-03-30","34.76783","-114.61842","270.6","NEEDLES AIRPORT, CA US","  69.1","24","  20.2","24","1015.7","24","984.6","24"," 10.0","24"," 12.5","24"," 22.0"," 27.0","  81.0"," ","  54.0"," "," 0.00","G","999.9","000000"
"72380523179","2019-03-31","34.76783","-114.61842","270.6","NEEDLES AIRPORT, CA US","  70.0","24","  22.4","24","1015.4","24","984.4","24"," 10.0","24"," 13.9","24"," 22.9"," 28.9","  81.0"," ","  55.0"," "," 0.00","G","999.9","000000"
"72380523179","2019-04-01","34.76783","-114.61842","270.6","NEEDLES AIRPORT, CA US","  70.0","24","  23.1","24","1013.7","24","982.7","24"," 10.0","24","  5.1","24"," 15.9","999.9","  84.0"," ","  55.0"," "," 0.00","G","999.9","000000"
"72380523179","2019-04-02","34.76783","-114.61842","270.6","NEEDLES AIRPORT, CA US","  72.6","24","  24.8","24","1007.6","24","976.9","24"," 10.0","24","  6.5","23"," 20.0"," 26.0","  88.0"," ","  55.0"," "," 0.00","G","999.9","000000"
"72380523179","2019-04-03","34.76783","-114.61842","270.6","NEEDLES AIRPORT, CA US","  72.4","24","  34.3","24","1008.1","24","977.5","24"," 10.0","24","  7.9","23"," 18.1"," 27.0","  88.0"," ","  60.1"," "," 0.00","G","999.9","000000"
"72380523179","2019-04-04","34.76783","-114.61842","270.6","NEEDLES AIRPORT, CA US","  71.4","23","  35.4","23","1012.2","23","981.4","23"," 10.0","23","  5.2","22"," 13.0"," 21.0","  82.9","*","  61.0","*"," 0.00","G","999.9","000000"
"72380523179","2019-04-05","34.76783","-114.61842","270.6","NEEDLES AIRPORT, CA US","  73.3","24","  35.2","24","1008.6","23","978.0","24"," 10.0","24","  8.4","24"," 14.0"," 21.0","  84.0"," ","  60.1"," "," 0.00","G","999.9","000000"
"72380523179","2019-04-06","34.76783","-114.61842","270.6","NEEDLES AIRPORT, CA US","  72.8","24","  36.7","24","1010.1","24","979.4","24"," 10.0","24","  5.9","24"," 11.1"," 17.1","  84.9"," ","  61.0"," "," 0.00","G","999.9","000000"
"72380523179","2019-04-07","34.76783","-114.61842","270.6","NEEDLES AIRPORT, CA US","  74.6","24","  32.5","24","1015.5","24","984.8","24"," 10.0","24","  4.3","24","  8.9","999.9","  93.0"," ","  57.9"," "," 0.00","G","999.9","000000"
"72380523179","2019-04-08","34.76783","-114.61842","270.6","NEEDLES AIRPORT, CA US","  78.7","24","  32.3","24","1014.7","24","984.2","24"," 10.0","24","  5.2","24","  8.9","999.9","  96.1"," ","  57.9"," "," 0.00","G","999.9","000000"
"72380523179","2019-04-09","34.76783","-114.61842","270.6","NEEDLES AIRPORT, CA US","  82.8","24","  30.8","24","1008.0","22","977.9","24"," 10.0","24","  7.6","24"," 18.1"," 26.0","  96.1"," ","  61.0"," "," 0.00","G","999.9","000000"
"72380523179","2019-04-10","34.76783","-114.61842","270.6","NEEDLES AIRPORT, CA US","  70.5","24","  21.9","24","1008.8","24","978.2","24"," 10.0","24"," 16.8","24"," 25.1"," 35.9","  93.9"," ","  61.0"," "," 0.00","G","999.9","000000"
"72380523179","2019-04-11","34.76783","-114.61842","270.6","NEEDLES AIRPORT, CA US","  69.3","24","  18.0","24","1011.9","24","980.9","24"," 10.0","24","  8.6","23"," 15.9"," 22.0","  80.1"," ","  55.0"," "," 0.00","G","999.9","000000"
"72380523179","2019-04-12","34.76783","-114.61842","270.6","NEEDLES AIRPORT, CA US","  70.4","24","  30.5","24","1003.7","23","973.1","24","  9.7","24","  9.8","24"," 17.1"," 22.0","  78.1"," ","  55.0"," "," 0.00","G","999.9","010000"
"72380523179","2019-04-13","34.76783","-114.61842","270.6","NEEDLES AIRPORT, CA US","  69.4","24","  30.3","24","1010.1","24","979.2","24"," 10.0","24","  9.5","24"," 18.1"," 22.9","  82.9"," ","  57.9"," "," 0.02","G","999.9","000000"
"72380523179","2019-04-14","34.76783","-114.61842","270.6","NEEDLES AIRPORT, CA US","  72.2","24","  24.4","24","1009.8","24","979.1","24"," 10.0","24","  6.2","24"," 15.0"," 22.9","  90.0"," ","  55.9"," "," 0.00","G","999.9","000000"
"72380523179","2019-04-15","34.76783","-114.61842","270.6","NEEDLES AIRPORT, CA US","  78.1","24","  28.5","24","1004.7","24","974.5","24"," 10.0","24","  8.7","23"," 17.1"," 26.0","  90.0"," ","  55.9"," "," 0.00","G","999.9","000000"
"72380523179","2019-04-16","34.76783","-114.61842","270.6","NEEDLES AIRPORT, CA US","  73.5","24","  34.5","24","1005.4","24","975.0","24"," 10.0","24","  9.4","24"," 17.1"," 22.9","  87.1"," ","  64.0"," "," 0.00","G","999.9","010000"
"72380523179","2019-04-17","34.76783","-114.61842","270.6","NEEDLES AIRPORT, CA US","  65.0","24","  45.0","24","1014.7","21","982.8","24"," 10.0","24"," 10.9","24"," 22.9"," 31.1","  82.9"," ","  53.1"," "," 0.29","G","999.9","010000"
"72380523179","2019-04-18","34.76783","-114.61842","270.6","NEEDLES AIRPORT, CA US","  77.5","24","  34.3","24","1015.5","24","984.8","24"," 10.0","24","  9.5","24"," 19.0"," 20.0","  93.9"," ","  53.1"," "," 0.00","G","999.9","000000"
"72380523179","2019-04-19","34.76783","-114.61842","270.6","NEEDLES AIRPORT, CA US","  79.5","24","  35.4","24","1011.3","24","981.0","24"," 10.0","24","  4.5","24","  9.9"," 17.1","  98.1"," ","  61.0"," "," 0.00","G","999.9","000000"
"72380523179","2019-04-20","34.76783","-114.61842","270.6","NEEDLES AIRPORT, CA US","  84.7","24","  29.6","24","1003.3","23","973.5","24"," 10.0","24","  7.1","23"," 15.0"," 25.1","  98.1"," ","  61.0"," "," 0.00","G","999.9","000000"
"72380523179","2019-04-21","34.76783","-114.61842","270.6","NEEDLES AIRPORT, CA US","  79.5","24","  33.9","24","1004.9","24","974.9","24"," 10.0","24","  7.5","24"," 18.1"," 22.0","  96.1"," ","  66.9"," "," 0.00","G","999.9","000000"
"72380523179","2019-04-22","34.76783","-114.61842","270.6","NEEDLES AIRPORT, CA US","  78.6","24","  35.2","24","1008.1","24","977.9","24"," 10.0","24"," 12.6","24"," 21.0"," 27.0","  88.0"," ","  66.9"," "," 0.00","G","999.9","000000"
"72380523179","2019-04-23","34.76783","-114.61842","270.6","NEEDLES AIRPORT, CA US","  80.3","24","  36.1","24","1008.8","23","978.6","24"," 10.0","24"," 10.8","24"," 21.0"," 26.0","  95.0"," ","  68.0"," "," 0.00","G","999.9","000000"
"72380523179","2019-04-24","34.76783","-114.61842","270.6","NEEDLES AIRPORT, CA US","  82.4","24","  32.9","24","1008.5","24","978.4","24"," 10.0","24","  4.9","23"," 15.0","999.9","  99.0"," ","  66.0"," "," 0.00","G","999.9","000000"
"72380523179","2019-04-25","34.76783","-114.61842","270.6","NEEDLES AIRPORT, CA US","  85.8","24","  35.1","24","1007.5","24","977.6","24"," 10.0","24","  4.7","24"," 13.0"," 15.9"," 102.9"," ","  66.0"," "," 0.00","G","999.9","000000"
"72380523179","2019-04-26","34.76783","-114.61842","270.6","NEEDLES AIRPORT, CA US","  89.6","24","  32.3","24","1006.8","24","977.2","24"," 10.0","24","  6.0","24"," 12.0"," 22.0"," 102.9"," ","  70.0"," "," 0.00","G","999.9","000000"
"72380523179","2019-04-28","34.76783","-114.61842","270.6","NEEDLES AIRPORT, CA US","  89.3","24","  31.7","24","1001.9","24","972.5","24"," 10.0","24","  9.2","24"," 15.9"," 22.9"," 102.0"," ","  73.9"," "," 0.00","G","999.9","000000"
"72380523179","2019-04-29","34.76783","-114.61842","270.6","NEEDLES AIRPORT, CA US","  85.9","24","  36.4","24","1000.1","21","970.6","24"," 10.0","24"," 12.3","24"," 22.9"," 33.0"," 100.9"," ","  75.0"," "," 0.00","G","999.9","010000"
"72380523179","2019-04-30","34.76783","-114.61842","270.6","NEEDLES AIRPORT, CA US","  71.6","24","  44.1","24","1006.4","21","975.2","24"," 10.0","24","  9.2","24"," 22.9"," 28.0","  88.0"," ","  60.1"," "," 0.01","G","999.9","010000"
"72380523179","2019-05-01","34.76783","-114.61842","270.6","NEEDLES AIRPORT, CA US","  75.5","24","  37.1","24","1007.8","24","977.3","24"," 10.0","24"," 11.5","24"," 18.1"," 26.0","  86.0"," ","  60.1"," "," 0.00","G","999.9","000000"
"72380523179","2019-05-02","34.76783","-114.61842","270.6","NEEDLES AIRPORT, CA US","  76.2","24","  28.3","24","1009.9","24","979.4","24"," 10.0","24","  5.0","24"," 11.1"," 14.0","  91.0"," ","  61.0"," "," 0.00","G","999.9","000000"
"72380523179","2019-05-03","34.76783","-114.61842","270.6","NEEDLES AIRPORT, CA US","  79.5","24","  26.7","24","1008.1","24","977.8","24"," 10.0","24","  3.0","24","  8.0","999.9","  96.1"," ","  61.0"," "," 0.00","G","999.9","000000"
"72380523179","2019-05-04","34.76783","-114.61842","270.6","NEEDLES AIRPORT, CA US","  83.6","24","  25.9","24","1004.7","24","974.8","24"," 10.0","24","  5.1","24"," 11.1"," 20.0","  98.1"," ","  63.0"," "," 0.00","G","999.9","000000"
"72380523179","2019-05-05","34.76783","-114.61842","270.6","NEEDLES AIRPORT, CA US","  85.2","23","  24.1","23","1001.7","23","972.0","23"," 10.0","23","  7.7","23"," 15.9"," 22.9","  98.1"," ","  66.9"," "," 0.00","G","999.9","000000"
"72380523179","2019-05-06","34.76783","-114.61842","270.6","NEEDLES AIRPORT, CA US","  79.3","24","  28.4","24","1003.0","23","973.0","24"," 10.0","24","  9.7","24"," 17.1"," 25.1","  96.1"," ","  66.0"," "," 0.00","G","999.9","000000"
"72380523179","2019-05-07","34.76783","-114.61842","270.6","NEEDLES AIRPORT, CA US","  76.1","24","  38.4","24","1007.4","24","977.0","24"," 10.0","24","  7.7","24"," 15.0"," 22.0","  89.1"," ","  64.9"," "," 0.00","G","999.9","000000"
"72380523179","2019-05-08","34.76783","-114.61842","270.6","NEEDLES AIRPORT, CA US","  80.5","24","  42.8","24","1006.5","24","976.3","24"," 10.0","24","  7.5","24"," 14.0","999.9","  91.0"," ","  64.9"," "," 0.00","G","999.9","010000"
"72380523179","2019-05-09","34.76783","-114.61842","270.6","NEEDLES AIRPORT, CA US","  80.5","24","  42.4","24","1003.3","24","973.3","24"," 10.0","24","  8.6","24"," 18.1"," 22.9","  91.0"," ","  68.0"," "," 0.00","G","999.9","000000"
"72380523179","2019-05-10","34.76783","-114.61842","270.6","NEEDLES AIRPORT, CA US","  75.5","24","  47.0","24","1003.3","23","973.1","24"," 10.0","24","  9.8","24"," 25.1"," 32.1","  88.0"," ","  64.0"," "," 0.00","G","999.9","010000"
"72380523179","2019-05-11","34.76783","-114.61842","270.6","NEEDLES AIRPORT, CA US","  78.1","24","  46.4","24","1007.3","24","976.9","24"," 10.0","24","  4.9","24","  9.9"," 15.0","  91.0"," ","  64.0"," "," 0.00","G","999.9","000000"
"72380523179","2019-05-12","34.76783","-114.61842","270.6","NEEDLES AIRPORT, CA US","  81.7","24","  41.6","24","1007.1","24","977.1","24"," 10.0","24","  3.8","24","  8.9"," 18.1","  96.1"," ","  66.9"," "," 0.00","G","999.9","000000"
"72380523179","2019-05-13","34.76783","-114.61842","270.6","NEEDLES AIRPORT, CA US","  85.6","24","  41.4","24","1007.5","24","977.6","24"," 10.0","24","  4.5","24"," 12.0"," 18.1","  98.1"," ","  66.9"," "," 0.00","G","999.9","000000"
"72380523179","2019-05-14","34.76783","-114.61842","270.6","NEEDLES AIRPORT, CA US","  89.1","24","  36.7","24","1007.6","23","977.9","24"," 10.0","24","  7.5","24"," 14.0"," 25.1"," 102.0"," ","  71.1"," "," 0.00","G","999.9","000000"
"72380523179","2019-05-15","34.76783","-114.61842","270.6","NEEDLES AIRPORT, CA US","  89.4","24","  36.1","24","1005.3","23","975.7","24"," 10.0","24","  9.3","24"," 22.9"," 29.9"," 102.0"," ","  73.9"," "," 0.00","G","999.9","000000"
"72380523179","2019-05-16","34.76783","-114.61842","270.6","NEEDLES AIRPORT, CA US","  84.2","24","  28.4","24","1002.3","24","972.6","24"," 10.0","24"," 14.5","24"," 26.0"," 33.0","  99.0"," ","  73.9"," "," 0.00","G","999.9","000000"
"72380523179","2019-05-17","34.76783","-114.61842","270.6","NEEDLES AIRPORT, CA US","  72.5","24","  31.5","24","1006.5","24","976.0","24"," 10.0","24","  8.8","23"," 20.0"," 28.9","  90.0"," ","  61.0"," "," 0.00","G","999.9","000000"
"72380523179","2019-05-18","34.76783","-114.61842","270.6","NEEDLES AIRPORT, CA US","  76.2","24","  26.3","24","1007.8","24","977.4","24"," 10.0","24","  5.4","24"," 13.0"," 18.1","  89.1"," ","  61.0"," "," 0.00","G","999.9","000000"
"72380523179","2019-05-19","34.76783","-114.61842","270.6","NEEDLES AIRPORT, CA US","  78.3","24","  33.2","24","1002.8","24","972.8","24"," 10.0","24"," 11.7","24"," 22.0"," 28.0","  89.1"," ","  61.0"," "," 0.00","G","999.9","000000"
"72380523179","2019-05-20","34.76783","-114.61842","270.6","NEEDLES AIRPORT, CA US","  69.1","24","  32.5","24","1003.7","24","973.1","24"," 10.0","24","  9.4","22"," 19.0"," 26.0","  84.0"," ","  59.0"," "," 0.02","G","999.9","000000"
"72380523179","2019-05-21","34.76783","-114.61842","270.6","NEEDLES AIRPORT, CA US","  72.4","24","  29.9","24","1003.9","23","973.1","24"," 10.0","24","  8.9","24"," 22.9"," 31.1","  84.0"," ","  59.0"," "," 0.00","G","999.9","000000"
"72380523179","2019-05-22","34.76783","-114.61842","270.6","NEEDLES AIRPORT, CA US","  67.9","24","  35.4","24","1000.2","23","969.5","24","  9.8","24","  9.8","24"," 22.9"," 32.1","  84.0"," ","  57.9"," "," 0.00","G","999.9","010000"
"72380523179","2019-05-23","34.76783","-114.61842","270.6","NEEDLES AIRPORT, CA US","  62.1","24","  45.4","24","1007.6","23","975.8","24","  9.8","24","  7.7","24"," 21.0"," 31.1","  75.0"," ","  55.0"," "," 0.17","G","999.9","010010"
"72380523179","2019-05-24","34.76783","-114.61842","270.6","NEEDLES AIRPORT, CA US","  71.0","24","  40.7","24","1011.0","24","980.0","24"," 10.0","24","  4.5","22","  9.9","999.9","  86.0"," ","  55.0"," "," 0.00","G","999.9","000000"
"72380523179","2019-05-25","34.76783","-114.61842","270.6","NEEDLES AIRPORT, CA US","  77.4","24","  33.6","24","1006.2","23","975.7","24"," 10.0","24","  6.7","23"," 18.1"," 27.0","  91.0"," ","  57.0"," "," 0.00","G","999.9","000000"
"72380523179","2019-05-26","34.76783","-114.61842","270.6","NEEDLES AIRPORT, CA US","  78.3","24","  28.0","24","1003.1","24","973.0","24"," 10.0","24"," 11.0","24"," 22.9"," 31.1","  91.0"," ","  62.1"," "," 0.00","G","999.9","000000"
"72380523179","2019-05-27","34.76783","-114.61842","270.6","NEEDLES AIRPORT, CA US","  70.4","24","  33.9","24","1007.0","24","976.3","24"," 10.0","24"," 10.1","24"," 20.0"," 29.9","  84.9"," ","  57.0"," "," 0.00","G","999.9","000000"
"72380523179","2019-05-28","34.76783","-114.61842","270.6","NEEDLES AIRPORT, CA US","  75.3","24","  31.8","24","1007.0","24","976.5","24"," 10.0","24","  4.4","22","  8.9","999.9","  90.0"," ","  60.1"," "," 0.00","G","999.9","000000"
"72380523179","2019-05-29","34.76783","-114.61842","270.6","NEEDLES AIRPORT, CA US","  81.8","24","  42.5","24","1005.3","24","975.3","24"," 10.0","24","  6.8","24"," 13.0"," 18.1","  93.9"," ","  61.0"," "," 0.00","G","999.9","000000"
"72380523179","2019-05-30","34.76783","-114.61842","270.6","NEEDLES AIRPORT, CA US","  85.6","24","  39.9","24","1005.4","24","975.6","24"," 10.0","24","  4.1","24"," 11.1"," 19.0","  99.0"," ","  68.0"," "," 0.00","G","999.9","000000"
"72380523179","2019-05-31","34.76783","-114.61842","270.6","NEEDLES AIRPORT, CA US","  87.0","24","  32.3","24","1005.3","24","975.6","24"," 10.0","24","  7.0","22"," 13.0"," 21.0"," 100.0"," ","  71.1"," "," 0.00","G","999.9","000000"
"72380523179","2019-06-01","34.76783","-114.61842","270.6","NEEDLES AIRPORT, CA US","  87.1","24","  31.6","24","1003.6","24","974.0","24"," 10.0","24","  6.6","24"," 13.0"," 21.0"," 100.0"," ","  71.1"," "," 0.00","G","999.9","000000"
"72380523179","2019-06-02","34.76783","-114.61842","270.6","NEEDLES AIRPORT, CA US","  86.0","24","  29.9","24","1003.7","24","974.0","24"," 10.0","24","  6.9","24"," 11.1"," 18.1","  98.1"," ","  71.1"," "," 0.00","G","999.9","000000"
"72380523179","2019-06-03","34.76783","-114.61842","270.6","NEEDLES AIRPORT, CA US","  86.2","24","  31.1","24","1004.5","24","974.8","24"," 10.0","24","  5.3","23","  9.9"," 14.0"," 100.0"," ","  70.0"," "," 0.00","G","999.9","000000"
"72380523179","2019-06-04","34.76783","-114.61842","270.6","NEEDLES AIRPORT, CA US","  89.4","24","  29.8","24","1004.7","24","975.2","24"," 10.0","24","  4.5","24","  9.9","999.9"," 106.0"," ","  70.0"," "," 0.00","G","999.9","000000"
"72380523179","2019-06-05","34.76783","-114.61842","270.6","NEEDLES AIRPORT, CA US","  93.4","24","  35.3","24","1004.8","24","975.4","24"," 10.0","24","  3.7","24","  9.9"," 14.0"," 108.0"," ","  73.9"," "," 0.00","G","999.9","000000"
"72380523179","2019-06-06","34.76783","-114.61842","270.6","NEEDLES AIRPORT, CA US","  96.3","24","  36.3","24","1004.7","24","975.5","24"," 10.0","24","  9.3","23"," 18.1"," 24.1"," 108.0"," ","  77.0"," "," 0.00","G","999.9","000000"
"72380523179","2019-06-07","34.76783","-114.61842","270.6","NEEDLES AIRPORT, CA US","  93.9","24","  36.8","24","1003.8","24","974.6","24"," 10.0","24"," 12.1","24"," 19.0"," 27.0"," 107.1"," ","  81.0"," "," 0.00","G","999.9","000000"
"72380523179","2019-06-08","34.76783","-114.61842","270.6","NEEDLES AIRPORT, CA US","  91.7","24","  38.6","24","1004.7","24","975.3","24"," 10.0","24","  6.9","23"," 13.0"," 22.0"," 102.9"," ","  79.0"," "," 0.00","G","999.9","000000"
"72380523179","2019-06-09","34.76783","-114.61842","270.6","NEEDLES AIRPORT, CA US","  91.0","24","  28.2","24","1011.0","24","981.3","24"," 10.0","24"," 15.9","24"," 27.0"," 38.1"," 102.9"," ","  79.0"," "," 0.00","G","999.9","000000"
"72380523179","2019-06-10","34.76783","-114.61842","270.6","NEEDLES AIRPORT, CA US","  92.6","24","  22.9","24","1011.4","24","981.8","24"," 10.0","24","  7.8","24"," 15.9"," 17.1"," 108.0"," ","  80.1"," "," 0.00","G","999.9","000000"
"72380523179","2019-06-11","34.76783","-114.61842","270.6","NEEDLES AIRPORT, CA US","  94.7","24","  21.7","24","1010.6","24","981.2","24"," 10.0","24","  4.4","24","  9.9"," 15.0"," 111.0"," ","  77.0"," "," 0.00","G","999.9","000000"
"72380523179","2019-06-12","34.76783","-114.61842","270.6","NEEDLES AIRPORT, CA US","  97.7","24","  23.9","24","1006.8","24","977.7","24"," 10.0","24","  4.0","24","  8.9"," 15.0"," 115.0"," ","  77.0"," "," 0.00","G","999.9","000000"
"72380523179","2019-06-13","34.76783","-114.61842","270.6","NEEDLES AIRPORT, CA US"," 102.4","24","  33.0","24","1002.1","24","973.3","24"," 10.0","24","  8.7","24"," 19.0"," 28.0"," 115.0"," ","  79.0"," "," 0.00","G","999.9","000000"
"72380523179","2019-06-14","34.76783","-114.61842","270.6","NEEDLES AIRPORT, CA US","  96.5","24","  35.8","24","1001.2","24","972.3","24"," 10.0","24","  7.1","23"," 15.9"," 24.1"," 113.0"," ","  82.0"," "," 0.00","G","999.9","000000"
"72380523179","2019-06-15","34.76783","-114.61842","270.6","NEEDLES AIRPORT, CA US","  96.8","24","  40.8","24","1002.9","24","973.8","24"," 10.0","24","  5.8","24"," 12.0"," 15.0"," 109.0"," ","  82.0"," "," 0.00","G","999.9","000000"
"72380523179","2019-06-16","34.76783","-114.61842","270.6","NEEDLES AIRPORT, CA US","  98.2","24","  42.6","24","1002.0","24","973.1","24"," 10.0","24","  9.0","24"," 18.1"," 25.1"," 109.0"," ","  82.0"," "," 0.00","G","999.9","000000"
"72380523179","2019-06-17","34.76783","-114.61842","270.6","NEEDLES AIRPORT, CA US","  95.0","24","  39.3","24","1002.3","24","973.3","24"," 10.0","24","  6.7","24"," 15.0"," 21.0"," 107.1"," ","  82.0"," "," 0.00","G","999.9","000000"
"72380523179","2019-06-18","34.76783","-114.61842","270.6","NEEDLES AIRPORT, CA US","  94.7","24","  34.9","24","1004.7","24","975.4","24"," 10.0","24","  6.0","23"," 14.0"," 18.1"," 107.1"," ","  80.1"," "," 0.00","G","999.9","000000"
"72380523179","2019-06-19","34.76783","-114.61842","270.6","NEEDLES AIRPORT, CA US","  95.5","24","  29.0","24","1006.0","24","976.7","24"," 10.0","24","  5.1","23","  9.9"," 18.1"," 108.0"," ","  79.0"," "," 0.00","G","999.9","000000"
"72380523179","2019-06-20","34.76783","-114.61842","270.6","NEEDLES AIRPORT, CA US","  96.2","24","  35.7","24","1003.1","24","974.0","24"," 10.0","24"," 10.8","24"," 19.0"," 32.1"," 108.0"," ","  79.0"," "," 0.00","G","999.9","000000"
"72380523179","2019-06-21","34.76783","-114.61842","270.6","NEEDLES AIRPORT, CA US","  93.7","24","  40.1","24"," 999.4","24","970.4","24"," 10.0","24"," 10.4","24"," 18.1"," 28.0"," 108.0"," ","  81.0"," "," 0.00","G","999.9","000000"
"72380523179","2019-06-22","34.76783","-114.61842","270.6","NEEDLES AIRPORT, CA US","  90.2","24","  30.6","24","1003.7","24","974.3","24"," 10.0","24"," 13.8","24"," 24.1"," 32.1"," 104.0"," ","  77.0"," "," 0.00","G","999.9","000000"
"72380523179","2019-06-23","34.76783","-114.61842","270.6","NEEDLES AIRPORT, CA US","  89.2","24","  21.1","24","1008.4","24","978.7","24"," 10.0","24","  9.6","24"," 17.1"," 22.0"," 102.9"," ","  73.9"," "," 0.00","G","999.9","000000"
"72380523179","2019-06-24","34.76783","-114.61842","270.6","NEEDLES AIRPORT, CA US","  90.9","24","  17.9","24","1005.2","24","975.7","24"," 10.0","24","  4.7","24","  9.9"," 17.1"," 108.0"," ","  72.0"," "," 0.00","G","999.9","000000"
"72380523179","2019-06-25","34.76783","-114.61842","270.6","NEEDLES AIRPORT, CA US","  95.0","24","  25.0","24","1002.9","24","973.7","24"," 10.0","24","  8.4","24"," 20.0"," 26.0"," 108.0"," ","  72.0"," "," 0.00","G","999.9","000000"
"72380523179","2019-06-26","34.76783","-114.61842","270.6","NEEDLES AIRPORT, CA US","  92.5","24","  33.4","24","1005.3","24","976.0","24"," 10.0","24","  9.1","24"," 17.1"," 28.0"," 105.1"," ","  79.0"," "," 0.00","G","999.9","000000"
"72380523179","2019-06-27","34.76783","-114.61842","270.6","NEEDLES AIRPORT, CA US","  92.7","24","  28.7","24","1007.6","24","978.2","24"," 10.0","24","  8.8","24"," 15.0"," 22.9"," 105.1"," ","  79.0"," "," 0.00","G","999.9","000000"
"72380523179","2019-06-28","34.76783","-114.61842","270.6","NEEDLES AIRPORT, CA US","  94.0","24","  26.2","24","1007.3","24","977.9","24"," 10.0","24","  7.0","24"," 14.0"," 25.1"," 108.0"," ","  77.0"," "," 0.00","G","999.9","000000"
"72380523179","2019-06-29","34.76783","-114.61842","270.6","NEEDLES AIRPORT, CA US","  95.3","24","  29.5","24","1007.1","24","977.8","24"," 10.0","24","  5.6","24","  9.9","999.9"," 109.0"," ","  77.0"," "," 0.00","G","999.9","010000"
"72380523179","2019-06-30","34.76783","-114.61842","270.6","NEEDLES AIRPORT, CA US","  95.9","24","  27.5","24","1007.2","24","977.9","24"," 10.0","24","  6.3","23"," 15.0"," 26.0"," 109.0"," ","  82.9"," "," 0.00","G","999.9","010000"
"72380523179","2019-07-01","34.76783","-114.61842","270.6","NEEDLES AIRPORT, CA US","  98.1","24","  29.1","24","1005.4","23","976.3","24"," 10.0","24","  6.8","21"," 15.9"," 21.0"," 111.9"," ","  81.0"," "," 0.00","G","999.9","000000"
"72380523179","2019-07-02","34.76783","-114.61842","270.6","NEEDLES AIRPORT, CA US","  98.7","24","  31.4","24","1003.3","24","974.4","24"," 10.0","24","  8.6","23"," 15.0"," 20.0"," 111.9"," ","  81.0"," "," 0.00","G","999.9","000000"
"72380523179","2019-07-03","34.76783","-114.61842","270.6","NEEDLES AIRPORT, CA US","  96.4","24","  29.9","24","1002.0","24","973.0","24"," 10.0","24","  8.9","24"," 15.9"," 25.1"," 109.0"," ","  81.0"," "," 0.00","G","999.9","000000"
"72380523179","2019-07-04","34.76783","-114.61842","270.6","NEEDLES AIRPORT, CA US","  95.0","24","  34.6","24","1002.9","24","973.7","24"," 10.0","24","  9.1","24"," 15.9"," 22.0"," 108.0"," ","  82.0"," "," 0.00","G","999.9","000000"
"72380523179","2019-07-05","34.76783","-114.61842","270.6","NEEDLES AIRPORT, CA US","  95.8","24","  30.2","24","1006.5","24","977.2","24"," 10.0","24","  6.7","24"," 13.0"," 18.1"," 108.0"," ","  80.1"," "," 0.00","G","999.9","000000"
"72380523179","2019-07-06","34.76783","-114.61842","270.6","NEEDLES AIRPORT, CA US","  96.9","24","  32.0","24","1008.1","24","978.8","24"," 10.0","24","  6.5","24"," 12.0"," 19.0"," 108.0"," ","  80.1"," "," 0.00","G","999.9","000000"
"72380523179","2019-07-07","34.76783","-114.61842","270.6","NEEDLES AIRPORT, CA US","  96.5","24","  29.4","24","1005.7","24","976.6","24"," 10.0","24","  8.2","24"," 17.1"," 24.1"," 108.0"," ","  81.0"," "," 0.00","G","999.9","000000"
"72380523179","2019-07-08","34.76783","-114.61842","270.6","NEEDLES AIRPORT, CA US","  93.4","24","  26.1","24","1005.3","24","976.0","24"," 10.0","24"," 10.0","24"," 19.0"," 26.0"," 106.0"," ","  78.1"," "," 0.00","G","999.9","000000"
"72380523179","2019-07-09","34.76783","-114.61842","270.6","NEEDLES AIRPORT, CA US","  94.3","24","  31.7","24","1007.5","24","978.1","24"," 10.0","24","  7.2","23"," 14.0"," 20.0"," 106.0"," ","  78.1"," "," 0.00","G","999.9","000000"
"72380523179","2019-07-10","34.76783","-114.61842","270.6","NEEDLES AIRPORT, CA US","  95.5","24","  27.1","24","1008.9","24","979.6","24"," 10.0","24","  5.6","23"," 11.1"," 20.0"," 111.9"," ","  78.1"," "," 0.00","G","999.9","000000"
"72380523179","2019-07-11","34.76783","-114.61842","270.6","NEEDLES AIRPORT, CA US"," 100.7","24","  35.6","24","1007.4","24","978.4","24"," 10.0","24","  7.1","24"," 17.1"," 25.1"," 115.0"," ","  78.1"," "," 0.00","G","999.9","000000"
"72380523179","2019-07-12","34.76783","-114.61842","270.6","NEEDLES AIRPORT, CA US"," 104.6","24","  42.2","24","1004.3","24","975.6","24"," 10.0","24","  7.6","24"," 17.1"," 22.0"," 117.0"," ","  84.0"," "," 0.00","G","999.9","000000"
"72380523179","2019-07-13","34.76783","-114.61842","270.6","NEEDLES AIRPORT, CA US"," 105.5","24","  43.8","24","1002.7","23","974.2","24"," 10.0","24","  6.8","23"," 15.9"," 22.9"," 117.0"," ","  90.0"," "," 0.00","G","999.9","000000"
"72380523179","2019-07-14","34.76783","-114.61842","270.6","NEEDLES AIRPORT, CA US"," 105.6","24","  52.3","24","1005.5","23","976.7","24"," 10.0","24","  8.0","24"," 17.1"," 22.0"," 117.0"," ","  90.0"," "," 0.00","G","999.9","000000"
"72380523179","2019-07-15","34.76783","-114.61842","270.6","NEEDLES AIRPORT, CA US"," 105.0","24","  39.8","24","1004.5","24","975.9","24"," 10.0","24","  6.3","24"," 13.0"," 22.9"," 117.0"," ","  89.1"," "," 0.00","G","999.9","000000"
"72380523179","2019-07-16","34.76783","-114.61842","270.6","NEEDLES AIRPORT, CA US"," 103.6","24","  26.9","24","1001.9","24","973.3","24"," 10.0","24","  7.7","24"," 15.9"," 26.0"," 117.0"," ","  87.1"," "," 0.00","G","999.9","000000"
"72380523179","2019-07-17","34.76783","-114.61842","270.6","NEEDLES AIRPORT, CA US"," 100.7","24","  32.5","24","1003.6","24","974.8","24"," 10.0","24"," 10.8","24"," 17.1"," 25.1"," 116.1"," ","  87.1"," "," 0.00","G","999.9","000000"
"72380523179","2019-07-18","34.76783","-114.61842","270.6","NEEDLES AIRPORT, CA US","  99.9","24","  43.6","24","1005.5","24","976.6","24"," 10.0","24","  7.8","23"," 13.0"," 19.0"," 111.9"," ","  86.0"," "," 0.00","G","999.9","000000"
"72380523179","2019-07-19","34.76783","-114.61842","270.6","NEEDLES AIRPORT, CA US"," 100.0","24","  30.5","24","1003.4","23","974.5","24"," 10.0","24","  7.5","23"," 13.0"," 22.0"," 111.9"," ","  86.0"," "," 0.00","G","999.9","000000"
"72380523179","2019-07-20","34.76783","-114.61842","270.6","NEEDLES AIRPORT, CA US","  98.6","24","  33.7","24","1003.4","24","974.5","24"," 10.0","24","  5.4","24"," 12.0"," 20.0"," 111.9"," ","  84.0"," "," 0.00","G","999.9","000000"
"72380523179","2019-07-21","34.76783","-114.61842","270.6","NEEDLES AIRPORT, CA US","  99.8","24","  39.8","24","1004.8","24","975.9","24"," 10.0","24","  6.7","23"," 12.0"," 18.1"," 113.0"," ","  84.0"," "," 0.00","G","999.9","000000"
"72380523179","2019-07-22","34.76783","-114.61842","270.6","NEEDLES AIRPORT, CA US"," 101.1","24","  57.4","24","1006.7","24","977.8","24"," 10.0","24","  9.0","24"," 17.1"," 21.0"," 113.0"," ","  84.9"," "," 0.00","G","999.9","000000"
"72380523179","2019-07-23","34.76783","-114.61842","270.6","NEEDLES AIRPORT, CA US"," 100.0","23","  57.7","23","1009.2","22","980.1","23"," 10.0","23","  6.8","23"," 14.0"," 26.0"," 109.0"," ","  90.0"," "," 0.00","G","999.9","000000"
"72380523179","2019-07-24","34.76783","-114.61842","270.6","NEEDLES AIRPORT, CA US"," 100.8","24","  56.4","24","1008.3","24","979.2","24"," 10.0","24","  6.8","23"," 18.1"," 25.1"," 109.0"," ","  91.0"," "," 0.00","G","999.9","000000"
"72380523179","2019-07-25","34.76783","-114.61842","270.6","NEEDLES AIRPORT, CA US","  97.9","24","  59.7","24","1007.9","24","978.8","22"," 10.0","24","  5.5","22"," 14.0"," 17.1"," 109.9"," ","  87.1"," "," 0.00","G","999.9","000000"
"72380523179","2019-07-26","34.76783","-114.61842","270.6","NEEDLES AIRPORT, CA US","  97.8","24","  61.1","24","1008.0","23","978.7","23"," 10.0","24","  4.5","24"," 28.9"," 38.1"," 114.1"," ","  87.1"," "," 0.00","G","999.9","010010"
"72380523179","2019-07-27","34.76783","-114.61842","270.6","NEEDLES AIRPORT, CA US"," 105.1","24","  48.7","24","1007.0","24","978.2","22"," 10.0","24","  7.9","24"," 14.0"," 21.0"," 117.0"," ","  87.1"," "," 0.00","G","999.9","000000"
"72380523179","2019-07-28","34.76783","-114.61842","270.6","NEEDLES AIRPORT, CA US"," 104.9","24","  38.2","24","1005.6","24","976.9","23"," 10.0","24","  6.3","24"," 13.0"," 18.1"," 117.0"," ","  89.1"," "," 0.00","G","999.9","000000"
"72380523179","2019-07-29","34.76783","-114.61842","270.6","NEEDLES AIRPORT, CA US"," 106.1","23","  42.8","23","1003.6","23","975.0","21"," 10.0","23","  7.6","23"," 17.1"," 24.1"," 117.0"," ","  89.1"," "," 0.00","G","999.9","000000"
"72380523179","2019-07-30","34.76783","-114.61842","270.6","NEEDLES AIRPORT, CA US"," 102.4","24","  54.5","24","1004.6","24","976.0","22"," 10.0","24"," 11.2","24"," 20.0"," 28.0"," 117.0"," ","  91.0"," "," 0.00","G","999.9","000000"
"72380523179","2019-07-31","34.76783","-114.61842","270.6","NEEDLES AIRPORT, CA US","  98.0","24","  60.7","24","1007.4","24","978.3","24"," 10.0","24","  9.5","24"," 15.9"," 22.0"," 111.0"," ","  89.1"," "," 0.00","G","999.9","000000"
"72380523179","2019-08-01","34.76783","-114.61842","270.6","NEEDLES AIRPORT, CA US","  99.3","24","  57.8","24","1008.1","24","979.0","24"," 10.0","24","  4.6","24","  9.9"," 17.1"," 111.0"," ","  89.1"," "," 0.00","G","999.9","000000"
"72380523179","2019-08-02","34.76783","-114.61842","270.6","NEEDLES AIRPORT, CA US"," 103.1","24","  45.8","24","1006.0","24","977.1","24"," 10.0","24","  5.1","24"," 12.0"," 15.0"," 115.0"," ","  90.0"," "," 0.00","G","999.9","000000"
"72380523179","2019-08-03","34.76783","-114.61842","270.6","NEEDLES AIRPORT, CA US"," 105.0","24","  44.5","24","1004.6","24","975.9","24"," 10.0","24","  5.7","22"," 15.9"," 22.9"," 117.0"," ","  90.0"," "," 0.00","G","999.9","000000"
"72380523179","2019-08-04","34.76783","-114.61842","270.6","NEEDLES AIRPORT, CA US"," 106.1","24","  46.5","24","1004.7","24","976.1","24"," 10.0","24","  6.9","24"," 13.0"," 22.0"," 117.0"," ","  91.9"," "," 0.00","G","999.9","000000"
"72380523179","2019-08-05","34.76783","-114.61842","270.6","NEEDLES AIRPORT, CA US"," 105.8","24","  40.8","24","1004.6","24","976.0","24"," 10.0","24","  5.8","22"," 12.0"," 21.0"," 118.9"," ","  91.0"," "," 0.00","G","999.9","000000"
"72380523179","2019-08-06","34.76783","-114.61842","270.6","NEEDLES AIRPORT, CA US"," 105.0","24","  45.1","24","1004.4","24","975.8","24"," 10.0","24","  8.0","23"," 19.0","999.9"," 118.9"," ","  91.0"," "," 0.00","G","999.9","010000"
"72380523179","2019-08-07","34.76783","-114.61842","270.6","NEEDLES AIRPORT, CA US","  98.2","24","  50.2","24","1006.0","21","976.9","24"," 10.0","24","  5.8","24"," 31.1"," 41.0"," 109.9"," ","  88.0"," "," 0.00","G","999.9","010010"
"72380523179","2019-08-08","34.76783","-114.61842","270.6","NEEDLES AIRPORT, CA US","  90.6","24","  60.0","24","1007.1","24","977.8","24"," 10.0","24","  4.9","24"," 18.1"," 34.0"," 109.9"," ","  79.0"," "," 0.00","G","999.9","000000"
"72380523179","2019-08-09","34.76783","-114.61842","270.6","NEEDLES AIRPORT, CA US","  96.0","24","  49.7","24","1004.8","20","975.3","24"," 10.0","24","  8.1","24"," 20.0"," 31.1"," 109.9"," ","  79.0"," "," 0.05","G","999.9","010010"
"72380523179","2019-08-10","34.76783","-114.61842","270.6","NEEDLES AIRPORT, CA US","  95.6","24","  32.3","24","1004.5","24","975.4","24"," 10.0","24","  9.0","23"," 15.9"," 22.0"," 109.9"," ","  81.0"," "," 0.00","G","999.9","000000"
"72380523179","2019-08-11","34.76783","-114.61842","270.6","NEEDLES AIRPORT, CA US","  95.6","24","  34.0","24","1006.1","24","976.9","24"," 10.0","24","  7.7","24"," 15.0"," 21.0"," 108.0"," ","  81.0"," "," 0.00","G","999.9","000000"
"72380523179","2019-08-12","34.76783","-114.61842","270.6","NEEDLES AIRPORT, CA US","  95.2","24","  38.4","24","1007.4","24","978.1","24"," 10.0","24","  5.2","24"," 13.0"," 17.1"," 109.9"," ","  80.1"," "," 0.00","G","999.9","000000"
"72380523179","2019-08-13","34.76783","-114.61842","270.6","NEEDLES AIRPORT, CA US","  97.4","24","  33.8","24","1007.8","24","978.7","23"," 10.0","24","  4.9","23"," 11.1","999.9"," 111.9"," ","  80.1"," "," 0.00","G","999.9","000000"
"72380523179","2019-08-14","34.76783","-114.61842","270.6","NEEDLES AIRPORT, CA US","  99.9","24","  33.9","24","1007.4","24","978.4","24"," 10.0","24","  4.1","24"," 11.1","999.9"," 115.0"," ","  80.1"," "," 0.00","G","999.9","000000"
"72380523179","2019-08-15","34.76783","-114.61842","270.6","NEEDLES AIRPORT, CA US"," 101.7","24","  27.5","24","1006.1","24","977.1","24"," 10.0","24","  5.3","23"," 14.0"," 22.0"," 118.0"," ","  82.0"," "," 0.00","G","999.9","000000"
"72380523179","2019-08-16","34.76783","-114.61842","270.6","NEEDLES AIRPORT, CA US"," 101.7","24","  24.1","24","1003.8","24","975.0","24"," 10.0","24","  7.0","24"," 15.0"," 21.0"," 118.0"," ","  82.0"," "," 0.00","G","999.9","000000"
"72380523179","2019-08-17","34.76783","-114.61842","270.6","NEEDLES AIRPORT, CA US","  99.8","24","  33.7","24","1002.4","24","973.6","24"," 10.0","24","  7.2","24"," 15.0"," 22.0"," 115.0"," ","  84.0"," "," 0.00","G","999.9","000000"
"72380523179","2019-08-18","34.76783","-114.61842","270.6","NEEDLES AIRPORT, CA US","  98.2","24","  28.5","24","1003.3","24","974.4","24"," 10.0","24","  8.1","24"," 18.1"," 27.0"," 111.0"," ","  82.9"," "," 0.00","G","999.9","000000"
"72380523179","2019-08-19","34.76783","-114.61842","270.6","NEEDLES AIRPORT, CA US","  96.8","24","  30.6","24","1005.4","24","976.3","24"," 10.0","24","  6.1","24"," 12.0"," 22.9"," 111.0"," ","  80.1"," "," 0.00","G","999.9","000000"
"72380523179","2019-08-20","34.76783","-114.61842","270.6","NEEDLES AIRPORT, CA US","  97.6","24","  30.9","24","1005.3","24","976.2","24"," 10.0","24","  4.2","23"," 11.1","999.9"," 114.1"," ","  79.0"," "," 0.00","G","999.9","000000"
"72380523179","2019-08-21","34.76783","-114.61842","270.6","NEEDLES AIRPORT, CA US","  98.4","24","  22.9","24","1003.6","24","974.5","24"," 10.0","24","  6.0","24"," 14.0"," 18.1"," 117.0"," ","  79.0"," "," 0.00","G","999.9","000000"
"72380523179","2019-08-22","34.76783","-114.61842","270.6","NEEDLES AIRPORT, CA US"," 100.1","24","  29.1","24","1000.3","23","971.5","24"," 10.0","24","  9.1","24"," 18.1"," 25.1"," 117.0"," ","  79.0"," "," 0.00","G","999.9","000000"
"72380523179","2019-08-23","34.76783","-114.61842","270.6","NEEDLES AIRPORT, CA US","  98.6","24","  44.1","24","1002.6","24","973.7","24"," 10.0","24"," 11.4","24"," 26.0"," 35.9"," 111.9"," ","  82.9"," "," 0.00","G","999.9","000000"
"72380523179","2019-08-24","34.76783","-114.61842","270.6","NEEDLES AIRPORT, CA US","  96.1","24","  56.9","24","1007.2","24","978.1","24"," 10.0","24","  9.5","22"," 15.9"," 21.0"," 108.0"," ","  84.9"," "," 0.00","G","999.9","000000"
"72380523179","2019-08-25","34.76783","-114.61842","270.6","NEEDLES AIRPORT, CA US","  98.0","24","  61.7","24","1008.2","24","979.1","24"," 10.0","24","  8.1","23"," 13.0"," 20.0"," 109.0"," ","  84.9"," "," 0.00","G","999.9","000000"
"72380523179","2019-08-26","34.76783","-114.61842","270.6","NEEDLES AIRPORT, CA US"," 100.6","24","  59.5","24","1004.9","24","976.0","24"," 10.0","24","  6.0","22"," 11.1"," 15.9"," 113.0"," ","  88.0"," "," 0.00","G","999.9","000000"
"72380523179","2019-08-27","34.76783","-114.61842","270.6","NEEDLES AIRPORT, CA US"," 103.0","24","  56.8","24","1002.9","24","974.2","24"," 10.0","24","  5.9","24"," 11.1"," 20.0"," 116.1"," ","  89.1"," "," 0.00","G","999.9","000000"
"72380523179","2019-08-28","34.76783","-114.61842","270.6","NEEDLES AIRPORT, CA US"," 103.4","24","  51.5","24","1004.3","23","975.8","24"," 10.0","24","  8.6","24"," 17.1"," 22.9"," 116.1"," ","  91.0"," "," 0.00","G","999.9","000000"
"72380523179","2019-08-29","34.76783","-114.61842","270.6","NEEDLES AIRPORT, CA US"," 101.3","24","  55.7","24","1007.0","24","978.1","24"," 10.0","24","  7.9","23"," 15.0"," 21.0"," 113.0"," ","  90.0"," "," 0.00","G","999.9","000000"
"72380523179","2019-08-30","34.76783","-114.61842","270.6","NEEDLES AIRPORT, CA US"," 102.6","24","  50.9","24","1005.8","24","977.0","24"," 10.0","24","  5.7","24"," 12.0","999.9"," 115.0"," ","  89.1"," "," 0.00","G","999.9","000000"
"72380523179","2019-08-31","34.76783","-114.61842","270.6","NEEDLES AIRPORT, CA US"," 100.1","24","  37.9","24","1005.0","24","976.1","24"," 10.0","24","  5.6","24"," 11.1"," 17.1"," 115.0"," ","  84.0"," "," 0.00","G","999.9","000000"
"72380523179","2019-09-01","34.76783","-114.61842","270.6","NEEDLES AIRPORT, CA US"," 100.8","24","  51.5","24","1005.7","24","976.8","23"," 10.0","24","  7.4","23"," 15.0"," 20.0"," 114.1"," ","  84.0"," "," 0.00","G","999.9","000000"
"72380523179","2019-09-02","34.76783","-114.61842","270.6","NEEDLES AIRPORT, CA US","  92.8","24","  62.2","24","1008.6","20","979.7","24"," 10.0","24"," 10.1","22"," 33.0"," 47.0"," 111.0"," ","  78.1"," "," 0.03","G","999.9","010010"
"72380523179","2019-09-03","34.76783","-114.61842","270.6","NEEDLES AIRPORT, CA US","  99.0","24","  56.9","24","1006.8","24","977.6","24"," 10.0","24","  4.1","24","  8.0","999.9"," 111.9"," ","  78.1"," "," 0.00","G","999.9","000000"
"72380523179","2019-09-04","34.76783","-114.61842","270.6","NEEDLES AIRPORT, CA US"," 101.5","24","  50.2","24","1004.2","24","975.3","24"," 10.0","24","  4.5","24"," 11.1"," 15.9"," 116.1"," ","  86.0"," "," 0.00","G","999.9","000000"
"72380523179","2019-09-05","34.76783","-114.61842","270.6","NEEDLES AIRPORT, CA US"," 100.1","24","  54.7","24","1007.6","21","978.3","24"," 10.0","24","  6.3","24"," 19.0"," 31.1"," 116.1"," ","  87.1"," "," 0.00","G","999.9","010010"
"72380523179","2019-09-06","34.76783","-114.61842","270.6","NEEDLES AIRPORT, CA US","  98.8","24","  56.4","24","1008.8","24","979.7","24"," 10.0","24","  4.1","24"," 12.0"," 20.0"," 111.9"," ","  88.0"," "," 0.00","G","999.9","000000"
"72380523179","2019-09-07","34.76783","-114.61842","270.6","NEEDLES AIRPORT, CA US"," 100.4","24","  48.9","24","1005.9","24","977.0","24"," 10.0","24","  6.9","22"," 17.1"," 26.0"," 111.9"," ","  87.1"," "," 0.00","G","999.9","000000"
"72380523179","2019-09-08","34.76783","-114.61842","270.6","NEEDLES AIRPORT, CA US","  95.6","24","  36.8","24","1002.4","24","973.5","24"," 10.0","24"," 11.3","24"," 18.1"," 22.0"," 111.9"," ","  82.0"," "," 0.00","G","999.9","000000"
"72380523179","2019-09-09","34.76783","-114.61842","270.6","NEEDLES AIRPORT, CA US","  89.3","24","  35.1","24","1004.1","24","974.6","24"," 10.0","24","  8.9","24"," 17.1"," 25.1"," 102.0"," ","  73.9"," "," 0.00","G","999.9","000000"
"72380523179","2019-09-10","34.76783","-114.61842","270.6","NEEDLES AIRPORT, CA US","  90.2","24","  55.6","24","1003.5","24","974.0","24"," 10.0","24"," 14.1","24"," 22.9"," 32.1"," 100.9"," ","  73.9"," "," 0.00","G","999.9","000000"
"72380523179","2019-09-11","34.76783","-114.61842","270.6","NEEDLES AIRPORT, CA US","  87.8","24","  47.6","24","1006.7","24","977.1","24"," 10.0","24"," 10.3","23"," 18.1"," 26.0","  99.0"," ","  75.9"," "," 0.00","G","999.9","000000"
"72380523179","2019-09-12","34.76783","-114.61842","270.6","NEEDLES AIRPORT, CA US","  88.5","24","  34.5","24","1011.3","24","981.5","24"," 10.0","24","  7.6","24"," 21.0","999.9"," 104.0"," ","  73.0"," "," 0.00","G","999.9","000000"
"72380523179","2019-09-13","34.76783","-114.61842","270.6","NEEDLES AIRPORT, CA US","  92.1","24","  27.4","24","1009.8","24","980.2","24"," 10.0","24","  6.7","23"," 14.0","999.9"," 107.1"," ","  73.0"," "," 0.00","G","999.9","000000"
"72380523179","2019-09-14","34.76783","-114.61842","270.6","NEEDLES AIRPORT, CA US","  92.0","24","  29.1","24","1008.4","24","978.9","24"," 10.0","24","  4.2","24","  8.0","999.9"," 109.0"," ","  73.9"," "," 0.00","G","999.9","000000"
"72380523179","2019-09-15","34.76783","-114.61842","270.6","NEEDLES AIRPORT, CA US","  95.3","24","  46.7","24","1007.2","24","977.9","24"," 10.0","24","  7.9","24"," 19.0"," 27.0"," 109.0"," ","  73.9"," "," 0.00","G","999.9","000000"
"72380523179","2019-09-16","34.76783","-114.61842","270.6","NEEDLES AIRPORT, CA US","  96.1","24","  46.8","24","1004.9","24","975.7","24"," 10.0","24","  9.8","24"," 21.0"," 25.1"," 107.1"," ","  81.0"," "," 0.00","G","999.9","000000"
"72380523179","2019-09-17","34.76783","-114.61842","270.6","NEEDLES AIRPORT, CA US","  91.2","24","  32.3","24","1005.9","24","976.5","24"," 10.0","24","  8.2","24"," 18.1"," 22.9"," 107.1"," ","  79.0"," "," 0.00","G","999.9","000000"
"72380523179","2019-09-18","34.76783","-114.61842","270.6","NEEDLES AIRPORT, CA US","  85.7","24","  24.9","24","1006.3","24","976.6","24"," 10.0","24","  5.0","24"," 12.0"," 20.0"," 100.9"," ","  69.1"," "," 0.00","G","999.9","000000"
"72380523179","2019-09-19","34.76783","-114.61842","270.6","NEEDLES AIRPORT, CA US","  87.3","24","  21.1","24","1003.4","24","973.8","24"," 10.0","24","  8.3","22"," 15.0"," 21.0"," 100.9"," ","  69.1"," "," 0.00","G","999.9","000000"
"72380523179","2019-09-20","34.76783","-114.61842","270.6","NEEDLES AIRPORT, CA US","  83.7","24","  27.9","24","1004.7","24","974.9","24"," 10.0","24","  8.0","24"," 14.0","999.9"," 100.0"," ","  70.0"," "," 0.00","G","999.9","000000"
"72380523179","2019-09-21","34.76783","-114.61842","270.6","NEEDLES AIRPORT, CA US","  82.0","24","  24.4","24","1008.1","24","978.0","24"," 10.0","24","  6.6","24"," 14.0","999.9","  96.1"," ","  64.9"," "," 0.00","G","999.9","000000"
"72380523179","2019-09-22","34.76783","-114.61842","270.6","NEEDLES AIRPORT, CA US","  81.9","24","  23.3","24","1009.5","24","979.4","24"," 10.0","24","  4.3","24","  8.9","999.9","  98.1"," ","  64.9"," "," 0.00","G","999.9","000000"
"72380523179","2019-09-23","34.76783","-114.61842","270.6","NEEDLES AIRPORT, CA US","  83.9","24","  36.5","24","1008.3","20","978.0","24"," 10.0","24","  7.0","24"," 22.0"," 32.1","  98.1"," ","  66.0"," "," 0.00","G","999.9","010000"
"72380523179","2019-09-24","34.76783","-114.61842","270.6","NEEDLES AIRPORT, CA US","  78.3","24","  54.7","24","1010.1","21","979.9","24"," 10.0","24","  6.6","23"," 22.9"," 32.1","  95.0"," ","  64.9"," "," 0.39","G","999.9","010010"
"72380523179","2019-09-25","34.76783","-114.61842","270.6","NEEDLES AIRPORT, CA US","  83.7","24","  53.4","24","1006.7","24","976.8","24"," 10.0","24","  3.8","24"," 11.1","999.9","  96.1"," ","  64.9"," "," 0.00","G","999.9","000000"
"72380523179","2019-09-26","34.76783","-114.61842","270.6","NEEDLES AIRPORT, CA US","  77.9","24","  63.1","24","1010.2","20","979.5","24"," 10.0","24","  6.6","24"," 22.0"," 31.1","  93.0"," ","  71.1"," "," 0.10","G","999.9","010010"
"72380523179","2019-09-27","34.76783","-114.61842","270.6","NEEDLES AIRPORT, CA US","  79.7","24","  59.9","24","1007.3","24","977.1","24"," 10.0","24","  5.4","23"," 13.0"," 20.0","  91.9"," ","  69.1"," "," 0.03","G","999.9","000000"
"72380523179","2019-09-28","34.76783","-114.61842","270.6","NEEDLES AIRPORT, CA US","  84.1","24","  57.3","24","1001.1","24","971.4","24"," 10.0","24"," 10.7","24"," 19.0"," 27.0","  91.9"," ","  69.1"," "," 0.00","G","999.9","000000"
"72380523179","2019-09-29","34.76783","-114.61842","270.6","NEEDLES AIRPORT, CA US","  78.1","24","  39.7","24","1001.8","24","971.8","24"," 10.0","24"," 11.6","24"," 19.0"," 26.0","  91.0"," ","  66.9"," "," 0.00","G","999.9","000000"
"72380523179","2019-09-30","34.76783","-114.61842","270.6","NEEDLES AIRPORT, CA US","  73.5","24","  23.8","24","1005.5","24","975.1","24"," 10.0","24","  5.7","24"," 11.1"," 15.0","  86.0"," ","  60.1"," "," 0.00","G","999.9","000000"
"72380523179","2019-10-01","34.76783","-114.61842","270.6","NEEDLES AIRPORT, CA US","  72.7","24","  21.6","24","1005.0","24","974.5","24"," 10.0","24","  5.0","24","  9.9"," 17.1","  86.0"," ","  57.9"," "," 0.00","G","999.9","000000"
"72380523179","2019-10-02","34.76783","-114.61842","270.6","NEEDLES AIRPORT, CA US","  72.3","24","  22.2","24","1010.5","24","979.8","24"," 10.0","24","  5.2","22","  8.9","999.9","  87.1","*","  57.0","*"," 0.00","G","999.9","000000"
"72380523179","2019-10-03","34.76783","-114.61842","270.6","NEEDLES AIRPORT, CA US","  74.1","24","  21.3","24","1010.4","24","979.7","24"," 10.0","24","  4.1","24","  8.9","999.9","  93.9","*","  59.0","*"," 0.00","G","999.9","000000"
"72380523179","2019-10-04","34.76783","-114.61842","270.6","NEEDLES AIRPORT, CA US","  81.3","24","  28.0","24","1008.6","24","978.4","24"," 10.0","24","  5.8","23"," 12.0","999.9","  93.9","*","  66.0","*"," 0.00","G","999.9","000000"
"72380523179","2019-10-05","34.76783","-114.61842","270.6","NEEDLES AIRPORT, CA US","  77.1","24","  18.8","24","1012.8","24","982.3","24"," 10.0","24","  4.7","24","  9.9","999.9","  91.9","*","  60.1","*"," 0.00","G","999.9","000000"
"72380523179","2019-10-06","34.76783","-114.61842","270.6","NEEDLES AIRPORT, CA US","  77.9","24","  20.4","24","1013.4","24","982.9","24"," 10.0","24","  7.7","24"," 18.1"," 26.0","  93.9","*","  62.1","*"," 0.00","G","999.9","000000"
"72380523179","2019-10-07","34.76783","-114.61842","270.6","NEEDLES AIRPORT, CA US","  81.4","24","  21.7","24","1012.0","24","981.7","24"," 10.0","24","  7.3","24"," 14.0"," 17.1","  96.1","*","  71.1","*"," 0.00","G","999.9","000000"
"72380523179","2019-10-08","34.76783","-114.61842","270.6","NEEDLES AIRPORT, CA US","  78.3","24","  22.0","24","1006.9","24","976.8","24"," 10.0","24","  3.9","24","  8.0","999.9","  97.0","*","  61.0","*"," 0.00","G","999.9","000000"
"72380523179","2019-10-09","34.76783","-114.61842","270.6","NEEDLES AIRPORT, CA US","  84.3","24","  24.1","24","1002.2","24","972.3","24"," 10.0","24","  5.8","24"," 14.0"," 20.0","  97.0","*","  69.1","*"," 0.00","G","999.9","000000"
"72380523179","2019-10-10","34.76783","-114.61842","270.6","NEEDLES AIRPORT, CA US","  74.7","24","  14.6","24","1008.3","24","978.1","24"," 10.0","24"," 22.2","24"," 33.0"," 42.0","  93.9","*","  64.0","*"," 0.00","G","999.9","000000"
"72380523179","2019-10-11","34.76783","-114.61842","270.6","NEEDLES AIRPORT, CA US","  67.8","24","   7.4","24","1016.2","24","985.0","24"," 10.0","24"," 19.9","24"," 24.1"," 32.1","  80.1"," ","  59.0"," "," 0.00","G","999.9","000000"
"72380523179","2019-10-12","34.76783","-114.61842","270.6","NEEDLES AIRPORT, CA US","  69.1","24","   3.9","24","1011.5","24","980.5","24"," 10.0","24","  6.3","24"," 13.0","999.9","  86.0"," ","  55.9"," "," 0.00","G","999.9","000000"
"72380523179","2019-10-13","34.76783","-114.61842","270.6","NEEDLES AIRPORT, CA US","  69.9","24","  11.8","24","1009.1","24","978.3","24"," 10.0","24","  3.7","24","  8.0","999.9","  89.1"," ","  53.1"," "," 0.00","G","999.9","000000"
"72380523179","2019-10-14","34.76783","-114.61842","270.6","NEEDLES AIRPORT, CA US","  74.3","24","  30.8","24","1008.0","24","977.4","24"," 10.0","24","  4.5","24"," 11.1","999.9","  89.1"," ","  53.1"," "," 0.00","G","999.9","000000"
"72380523179","2019-10-15","34.76783","-114.61842","270.6","NEEDLES AIRPORT, CA US","  77.6","24","  34.0","24","1011.8","24","981.2","24"," 10.0","24","  4.7","24"," 11.1","999.9","  93.9"," ","  60.1"," "," 0.00","G","999.9","000000"
"72380523179","2019-10-16","34.76783","-114.61842","270.6","NEEDLES AIRPORT, CA US","  78.9","24","  28.0","24","1011.3","24","981.0","24"," 10.0","24","  3.4","24","  8.9","999.9","  93.9"," ","  64.0"," "," 0.00","G","999.9","000000"
"72380523179","2019-10-17","34.76783","-114.61842","270.6","NEEDLES AIRPORT, CA US","  80.2","24","  29.5","24","1003.3","24","973.3","24"," 10.0","24","  7.2","24"," 18.1"," 27.0","  95.0"," ","  64.0"," "," 0.00","G","999.9","000000"
"72380523179","2019-10-18","34.76783","-114.61842","270.6","NEEDLES AIRPORT, CA US","  77.5","24","  27.8","24","1004.3","24","974.4","22"," 10.0","24"," 11.8","24"," 21.0"," 28.9","  95.0"," ","  64.0"," "," 0.00","G","999.9","000000"
"72380523179","2019-10-19","34.76783","-114.61842","270.6","NEEDLES AIRPORT, CA US","  69.8","24","  14.7","24","1009.3","24","978.9","16"," 10.0","24","  4.8","24","  9.9","999.9","  86.0"," ","  54.0"," "," 0.00","G","999.9","000000"
"72380523179","2019-10-20","34.76783","-114.61842","270.6","NEEDLES AIRPORT, CA US","  73.5","24","  19.2","24","1008.9","24","979.6","16"," 10.0","24"," 10.1","24"," 25.1"," 31.1","  86.0"," ","  54.0"," "," 0.00","G","999.9","000000"
"72380523179","2019-10-21","34.76783","-114.61842","270.6","NEEDLES AIRPORT, CA US","  72.0","24","  12.2","24","1014.6","24","983.8","24"," 10.0","24","  8.5","24"," 15.9","999.9","  89.1"," ","  55.9"," "," 0.00","G","999.9","000000"
"72380523179","2019-10-22","34.76783","-114.61842","270.6","NEEDLES AIRPORT, CA US","  77.4","24","  22.2","24","1016.8","24","985.9"," 9"," 10.0","24","  9.3","24"," 18.1"," 19.0","  91.9"," ","  55.9"," "," 0.00","G","999.9","000000"
"72380523179","2019-10-23","34.76783","-114.61842","270.6","NEEDLES AIRPORT, CA US","  77.6","24","  25.2","24","1011.7","24","981.0","19"," 10.0","24","  9.0","24"," 22.9"," 26.0","  91.9"," ","  63.0"," "," 0.00","G","999.9","000000"
"72380523179","2019-10-24","34.76783","-114.61842","270.6","NEEDLES AIRPORT, CA US","  76.4","24","  19.2","24","1014.5","24","984.8","20"," 10.0","24"," 19.0","24"," 32.1"," 40.0","  91.9"," ","  63.0"," "," 0.00","G","999.9","000000"
"72380523179","2019-10-25","34.76783","-114.61842","270.6","NEEDLES AIRPORT, CA US","  74.4","24","  15.6","24","1018.8","24","987.8","16"," 10.0","24"," 13.1","24"," 22.9"," 28.9","  87.1"," ","  66.0"," "," 0.00","G","999.9","000000"
"72380523179","2019-10-26","34.76783","-114.61842","270.6","NEEDLES AIRPORT, CA US","  70.9","24","  20.1","24","1010.3","24","978.6","17"," 10.0","24","  5.0","24"," 11.1","999.9","  89.1"," ","  55.9"," "," 0.00","G","999.9","000000"
"72380523179","2019-10-27","34.76783","-114.61842","270.6","NEEDLES AIRPORT, CA US","  75.0","24","  24.0","24","1002.4","24","972.1","19"," 10.0","24","  7.6","24"," 20.0"," 24.1","  89.1"," ","  55.9"," "," 0.00","G","999.9","000000"
"72380523179","2019-10-28","34.76783","-114.61842","270.6","NEEDLES AIRPORT, CA US","  67.7"," 6","  18.8"," 6","1006.6"," 6","999.9"," 0"," 10.0"," 6"," 20.3"," 6"," 24.1"," 35.0","  75.9"," ","  63.0"," "," 0.00","G","999.9","000000"
"72380523179","2019-10-29","34.76783","-114.61842","270.6","NEEDLES AIRPORT, CA US","  70.4"," 6","   3.3"," 6","9999.9"," 0","977.0"," 6"," 10.0"," 6","  4.1"," 6","  8.0","999.9","  73.9"," ","  62.1"," "," 0.00","G","999.9","000000"
"72380523179","2019-10-30","34.76783","-114.61842","270.6","NEEDLES AIRPORT, CA US","  54.1","24","   4.9","24","1024.7","18","989.6","24"," 10.0","24"," 21.6","24"," 34.0"," 48.0","  73.0"," ","  44.1"," "," 0.00","G","999.9","000000"
"72380523179","2019-10-31","34.76783","-114.61842","270.6","NEEDLES AIRPORT, CA US","  55.7","24","   1.3","24","1024.6","24","992.1","22"," 10.0","24"," 13.0","24"," 20.0"," 26.0","  69.1"," ","  44.1"," "," 0.00","G","999.9","000000"
"72380523179","2019-11-01","34.76783","-114.61842","270.6","NEEDLES AIRPORT, CA US","  57.0","24","  -1.8","24","1020.5","24","988.5","24"," 10.0","24","  7.7","24"," 15.9","999.9","  75.9"," ","  42.1"," "," 0.00","G","999.9","000000"
"72380523179","2019-11-02","34.76783","-114.61842","270.6","NEEDLES AIRPORT, CA US","  64.2","24","   4.2","24","1019.0","24","987.4","24"," 10.0","24","  8.4","24"," 17.1"," 22.9","  81.0"," ","  42.1"," "," 0.00","G","999.9","000000"
"72380523179","2019-11-03","34.76783","-114.61842","270.6","NEEDLES AIRPORT, CA US","  67.6","24","   8.6","24","1013.9","24","982.8","24"," 10.0","24","  4.7","24","  8.9","999.9","  84.0"," ","  50.0"," "," 0.00","G","999.9","000000"
"72380523179","2019-11-04","34.76783","-114.61842","270.6","NEEDLES AIRPORT, CA US","  65.7","24","   8.8","24","1012.6","24","981.4","24"," 10.0","24","  3.2","24","  8.9","999.9","  84.0"," ","  50.0"," "," 0.00","G","999.9","000000"
"72380523179","2019-11-05","34.76783","-114.61842","270.6","NEEDLES AIRPORT, CA US","  68.1","24","  12.7","24","1014.2","24","983.0","24"," 10.0","24","  6.3","24","  9.9","999.9","  86.0"," ","  50.0"," "," 0.00","G","999.9","000000"
"72380523179","2019-11-06","34.76783","-114.61842","270.6","NEEDLES AIRPORT, CA US","  71.5","24","  20.0","24","1011.9","24","981.1","24"," 10.0","24","  5.9","24"," 12.0","999.9","  87.1"," ","  54.0"," "," 0.00","G","999.9","000000"
"72380523179","2019-11-07","34.76783","-114.61842","270.6","NEEDLES AIRPORT, CA US","  68.6","24","  21.1","24","1015.0","24","983.9","24"," 10.0","24","  5.7","24"," 11.1"," 15.9","  87.1"," ","  54.0"," "," 0.00","G","999.9","000000"
"72380523179","2019-11-08","34.76783","-114.61842","270.6","NEEDLES AIRPORT, CA US","  71.2","24","  19.3","24","1018.2","24","987.0","24"," 10.0","24","  6.7","24"," 12.0","999.9","  88.0"," ","  53.1"," "," 0.00","G","999.9","000000"
"72380523179","2019-11-09","34.76783","-114.61842","270.6","NEEDLES AIRPORT, CA US","  71.7","24","  17.4","24","1015.8","24","985.0","24"," 10.0","24","  6.1","24","  9.9","999.9","  88.0"," ","  57.0"," "," 0.00","G","999.9","000000"
"72380523179","2019-11-10","34.76783","-114.61842","270.6","NEEDLES AIRPORT, CA US","  65.4","24","  12.9","24","1013.6","24","982.4","24"," 10.0","24","  3.9","24","  8.0","999.9","  86.0"," ","  52.0"," "," 0.00","G","999.9","000000"
"72380523179","2019-11-11","34.76783","-114.61842","270.6","NEEDLES AIRPORT, CA US","  67.5","24","  15.1","24","1013.2","24","982.0","24"," 10.0","24","  7.3","24"," 19.0"," 22.9","  84.9"," ","  52.0"," "," 0.00","G","999.9","000000"
"72380523179","2019-11-12","34.76783","-114.61842","270.6","NEEDLES AIRPORT, CA US","  72.1","24","  23.0","24","1015.8","24","984.9","24"," 10.0","24","  8.2","24"," 15.0"," 20.0","  84.9"," ","  53.1"," "," 0.00","G","999.9","000000"
"72380523179","2019-11-13","34.76783","-114.61842","270.6","NEEDLES AIRPORT, CA US","  64.6","24","  20.4","24","1014.0","24","982.8","24"," 10.0","24","  3.3","24","  8.9","999.9","  82.9"," ","  50.0"," "," 0.00","G","999.9","000000"
"72380523179","2019-11-14","34.76783","-114.61842","270.6","NEEDLES AIRPORT, CA US","  64.3","24","  21.0","24","1014.7","24","983.3","24"," 10.0","24","  3.7","24","  8.9","999.9","  81.0"," ","  50.0"," "," 0.00","G","999.9","000000"
"72380523179","2019-11-15","34.76783","-114.61842","270.6","NEEDLES AIRPORT, CA US","  67.7","24","  25.1","24","1015.8","24","984.6","24"," 10.0","24","  3.6","24","  7.0","999.9","  82.9"," ","  52.0"," "," 0.00","G","999.9","000000"
"72380523179","2019-11-16","34.76783","-114.61842","270.6","NEEDLES AIRPORT, CA US","  68.9","24","  26.6","24","1013.6","24","982.5","24"," 10.0","24","  7.0","24"," 15.0"," 17.1","  84.9"," ","  55.0"," "," 0.00","G","999.9","000000"
"72380523179","2019-11-17","34.76783","-114.61842","270.6","NEEDLES AIRPORT, CA US","  73.2","24","  25.0","24","1014.5","24","983.7","24"," 10.0","24"," 12.0","24"," 22.9"," 31.1","  84.9"," ","  55.9"," "," 0.00","G","999.9","000000"
"72380523179","2019-11-18","34.76783","-114.61842","270.6","NEEDLES AIRPORT, CA US","  68.0","24","  21.2","24","1013.2","24","982.2","24"," 10.0","24","  4.9","24","  9.9","999.9","  82.9"," ","  54.0"," "," 0.00","G","999.9","000000"
"72380523179","2019-11-19","34.76783","-114.61842","270.6","NEEDLES AIRPORT, CA US","  68.1","24","  25.8","24","1006.9","24","976.1","24"," 10.0","24","  5.1","24"," 15.0"," 20.0","  82.0"," ","  54.0"," "," 0.00","G","999.9","000000"
"72380523179","2019-11-20","34.76783","-114.61842","270.6","NEEDLES AIRPORT, CA US","  63.2","24","  52.6","24"," 998.6","21","967.8","24","  9.4","24","  8.7","24"," 20.0"," 31.1","  82.0"," ","  55.9"," "," 1.23","G","999.9","010010"
"72380523179","2019-11-21","34.76783","-114.61842","270.6","NEEDLES AIRPORT, CA US","  56.6","24","  47.5","24","1007.4","23","976.0","24","  9.9","24","  4.6","24"," 17.1","999.9","  68.0"," ","  53.1"," "," 0.13","G","999.9","010000"
"72380523179","2019-11-22","34.76783","-114.61842","270.6","NEEDLES AIRPORT, CA US","  54.4","24","  44.6","24","1018.9","24","986.8","23"," 10.0","24","  4.0","24","  9.9","999.9","  64.9"," ","  46.9"," "," 0.18","G","999.9","000000"
"72380523179","2019-11-23","34.76783","-114.61842","270.6","NEEDLES AIRPORT, CA US","  57.3","24","  41.2","24","1021.0","24","988.9","24"," 10.0","24","  9.9","24"," 19.0"," 27.0","  66.0"," ","  46.9"," "," 0.00","G","999.9","000000"
"72380523179","2019-11-24","34.76783","-114.61842","270.6","NEEDLES AIRPORT, CA US","  59.2","24","  36.6","24","1019.0","24","987.1","24"," 10.0","24","  8.6","24"," 13.0","999.9","  69.1"," ","  52.0"," "," 0.00","G","999.9","000000"
"72380523179","2019-11-25","34.76783","-114.61842","270.6","NEEDLES AIRPORT, CA US","  55.8","24","  38.2","24","1009.5","24","977.8","24"," 10.0","24","  4.7","24"," 17.1"," 25.1","  70.0"," ","  44.1"," "," 0.00","G","999.9","000000"
"72380523179","2019-11-26","34.76783","-114.61842","270.6","NEEDLES AIRPORT, CA US","  54.8","24","  17.0","24","1010.7","24","978.9","24"," 10.0","24","  9.0","24"," 27.0"," 35.0","  70.0"," ","  44.1"," "," 0.00","G","999.9","000000"
"72380523179","2019-11-27","34.76783","-114.61842","270.6","NEEDLES AIRPORT, CA US","  53.9","24","  24.4","24","1006.2","24","974.4","24"," 10.0","24","  7.7","24"," 19.0"," 26.0","  64.0"," ","  44.1"," "," 0.00","G","999.9","000000"
"72380523179","2019-11-28","34.76783","-114.61842","270.6","NEEDLES AIRPORT, CA US","  56.1","24","  45.5","24","1001.3","20","969.8","23","  9.9","24","  7.6","24"," 19.0"," 29.9","  64.0"," ","  48.0"," "," 0.08","G","999.9","010010"
"72380523179","2019-11-29","34.76783","-114.61842","270.6","NEEDLES AIRPORT, CA US","  52.4","24","  42.2","24","1003.0","23","970.6","24","  9.4","24","  9.2","24"," 19.0"," 28.0","  63.0"," ","  48.9"," "," 1.07","G","999.9","010010"
"72380523179","2019-11-30","34.76783","-114.61842","270.6","NEEDLES AIRPORT, CA US","  47.9","24","  32.1","24","1018.3","24","986.0","23"," 10.0","24","  5.0","24"," 11.1","999.9","  57.9"," ","  37.9"," "," 0.01","G","999.9","000000"
"72380523179","2019-12-01","34.76783","-114.61842","270.6","NEEDLES AIRPORT, CA US","  51.4","24","  35.0","24","1021.7","24","989.2","24"," 10.0","24","  6.0","24"," 12.0","999.9","  59.0"," ","  37.9"," "," 0.00","G","999.9","000000"
"72380523179","2019-12-02","34.76783","-114.61842","270.6","NEEDLES AIRPORT, CA US","  52.3","24","  35.1","24","1021.3","24","988.9","24"," 10.0","24","  4.6","24"," 11.1","999.9","  64.0"," ","  46.0"," "," 0.00","G","999.9","000000"
"72380523179","2019-12-03","34.76783","-114.61842","270.6","NEEDLES AIRPORT, CA US","  55.5","24","  38.6","24","1019.7","24","987.5","24"," 10.0","24","  4.9","23","  8.0","999.9","  64.0"," ","  46.0"," "," 0.00","G","999.9","000000"
"72380523179","2019-12-04","34.76783","-114.61842","270.6","NEEDLES AIRPORT, CA US","  55.3","24","  45.8","24","1015.3","21","983.2","23","  8.8","24","  4.1","24","  8.9","999.9","  64.0"," ","  48.9"," "," 0.00","G","999.9","010000"
"72380523179","2019-12-05","34.76783","-114.61842","270.6","NEEDLES AIRPORT, CA US","  56.1","24","  50.5","24","1017.2","20","984.7","24","  9.5","24","  2.9","24","  7.0","999.9","  64.9"," ","  51.1"," "," 0.38","G","999.9","010000"
"72380523179","2019-12-06","34.76783","-114.61842","270.6","NEEDLES AIRPORT, CA US","  57.5","24","  48.2","24","1020.8","24","988.8","24"," 10.0","24","  4.1","24","  8.9","999.9","  66.0"," ","  51.1"," "," 0.00","G","999.9","000000"
"72380523179","2019-12-07","34.76783","-114.61842","270.6","NEEDLES AIRPORT, CA US","  57.7","24","  50.1","24","1019.6","24","987.6","24"," 10.0","24","  2.4","24","  5.1","999.9","  66.0"," ","  52.0"," "," 0.00","G","999.9","000000"
"72380523179","2019-12-08","34.76783","-114.61842","270.6","NEEDLES AIRPORT, CA US","  61.2","24","  53.1","24","1014.8","19","983.3","24"," 10.0","24","  3.3","24","  7.0","999.9","  64.9"," ","  52.0"," "," 0.00","G","999.9","000000"
"72380523179","2019-12-09","34.76783","-114.61842","270.6","NEEDLES AIRPORT, CA US","  59.3","22","  47.8","22","1013.3","22","981.7","22"," 10.0","22","  8.1","22"," 22.0"," 31.1","  66.9","*","  52.0","*"," 0.02","G","999.9","010000"
"72380523179","2019-12-10","34.76783","-114.61842","270.6","NEEDLES AIRPORT, CA US","  57.7","24","  36.5","24","1020.4","24","988.5","24"," 10.0","24","  7.6","24","  9.9","999.9","  66.9"," ","  50.0"," "," 0.01","G","999.9","000000"
"72380523179","2019-12-11","34.76783","-114.61842","270.6","NEEDLES AIRPORT, CA US","  53.5","24","  37.9","24","1021.9","24","989.7","24"," 10.0","17","  3.8","24","  8.0","999.9","  66.0"," ","  44.1"," "," 0.00","G","999.9","000000"
"72380523179","2019-12-12","34.76783","-114.61842","270.6","NEEDLES AIRPORT, CA US","  53.0","24","  40.5","24","1022.3","24","989.9","24","999.9"," 0","  3.5","24","  8.9","999.9","  64.0"," ","  44.1"," "," 0.00","G","999.9","000000"
"72380523179","2019-12-13","34.76783","-114.61842","270.6","NEEDLES AIRPORT, CA US","  52.9","23","  42.4","23","1020.6","23","988.3","23","999.9"," 0","  3.5","23","  8.0","999.9","  64.9"," ","  45.0"," "," 0.00","G","999.9","000000"
"72380523179","2019-12-14","34.76783","-114.61842","270.6","NEEDLES AIRPORT, CA US","  58.3","24","  43.5","24","1010.6","24","978.6","18"," 10.0","24","  3.9","23"," 14.0","999.9","  72.0"," ","  45.0"," "," 0.00","G","999.9","000000"
"72380523179","2019-12-15","34.76783","-114.61842","270.6","NEEDLES AIRPORT, CA US","  59.4","24","  30.1","24","1009.0","24","977.9","21"," 10.0","24"," 10.2","24"," 21.0"," 27.0","  72.0"," ","  50.0"," "," 0.00","G","999.9","000000"
"72380523179","2019-12-16","34.76783","-114.61842","270.6","NEEDLES AIRPORT, CA US","  52.2","24","  24.2","24","1022.3","24","990.1","19"," 10.0","24"," 11.6","24"," 26.0"," 31.1","  64.9"," ","  46.0"," "," 0.00","G","999.9","000000"
"72380523179","2019-12-17","34.76783","-114.61842","270.6","NEEDLES AIRPORT, CA US","  48.9","24","  16.4","24","1029.6","24","996.9","24"," 10.0","24"," 15.3","24"," 21.0"," 28.9","  57.0"," ","  43.0"," "," 0.00","G","999.9","000000"
"72380523179","2019-12-18","34.76783","-114.61842","270.6","NEEDLES AIRPORT, CA US","  48.0","24","  19.8","24","1022.0","24","989.4","24"," 10.0","24","  5.6","24"," 11.1","999.9","  57.0"," ","  37.0"," "," 0.00","G","999.9","000000"
"72380523179","2019-12-19","34.76783","-114.61842","270.6","NEEDLES AIRPORT, CA US","  47.2","24","  23.2","24","1018.5","24","985.8","24"," 10.0","24","  5.2","24"," 12.0","999.9","  63.0"," ","  36.0"," "," 0.00","G","999.9","000000"
"72380523179","2019-12-20","34.76783","-114.61842","270.6","NEEDLES AIRPORT, CA US","  53.0","24","  24.7","24","1024.3","24","991.8","24"," 10.0","24","  7.6","24"," 13.0","999.9","  66.0"," ","  36.0"," "," 0.00","G","999.9","000000"
"72380523179","2019-12-21","34.76783","-114.61842","270.6","NEEDLES AIRPORT, CA US","  51.5","24","  29.3","24","1024.2","24","991.7","24"," 10.0","24","  3.7","24","  8.0","999.9","  66.0"," ","  41.0"," "," 0.00","G","999.9","000000"
"72380523179","2019-12-22","34.76783","-114.61842","270.6","NEEDLES AIRPORT, CA US","  51.0","24","  33.1","24","1017.4","24","985.1","24"," 10.0","24","  2.7","24","  7.0","999.9","  60.1"," ","  41.0"," "," 0.00","G","999.9","000000"
"72380523179","2019-12-23","34.76783","-114.61842","270.6","NEEDLES AIRPORT, CA US","  51.6","24","  37.6","24","1011.5","24","979.5","24"," 10.0","24","  3.2","24","  8.9","999.9","  57.9"," ","  43.0"," "," 0.00","G","999.9","010000"
"72380523179","2019-12-24","34.76783","-114.61842","270.6","NEEDLES AIRPORT, CA US","  52.1","24","  45.6","24","1009.0","22","977.0","24"," 10.0","24","  2.2","24","  8.0","999.9","  57.0"," ","  48.0"," "," 0.02","G","999.9","010000"
"72380523179","2019-12-25","34.76783","-114.61842","270.6","NEEDLES AIRPORT, CA US","  51.0","24","  40.6","24","1010.4","24","978.3","24","  9.8","24","  3.8","24"," 11.1","999.9","  59.0"," ","  45.0"," "," 0.13","G","999.9","010000"
"72380523179","2019-12-26","34.76783","-114.61842","270.6","NEEDLES AIRPORT, CA US","  47.8","24","  38.9","24","1011.8","24","979.6","24","  9.8","24","  5.1","24"," 12.0","999.9","  59.0"," ","  44.1"," "," 0.04","G","999.9","010000"
"72380523179","2019-12-27","34.76783","-114.61842","270.6","NEEDLES AIRPORT, CA US","  48.7","24","  40.0","24","1011.1","22","978.8","24","  9.5","24","  6.7","24"," 12.0","999.9","  55.9"," ","  45.0"," "," 0.44","G","999.9","010000"
"72380523179","2019-12-28","34.76783","-114.61842","270.6","NEEDLES AIRPORT, CA US","  47.6","24","  28.3","24","1015.6","24","983.0","24"," 10.0","19","  9.1","24"," 20.0"," 26.0","  55.9"," ","  39.9"," "," 0.00","G","999.9","000000"
"72380523179","2019-12-29","34.76783","-114.61842","270.6","NEEDLES AIRPORT, CA US","  45.3","24","  23.3","24","1021.7","24","988.8","24"," 10.0","17","  5.4","24"," 11.1","999.9","  55.0"," ","  37.0"," "," 0.00","G","999.9","000000"
"72380523179","2019-12-30","34.76783","-114.61842","270.6","NEEDLES AIRPORT, CA US","  47.6","24","  27.8","24","1019.1","24","986.5","24"," 10.0","18","  6.1","24"," 13.0","999.9","  55.0"," ","  37.0"," "," 0.00","G","999.9","000000"
"72380523179","2019-12-31","34.76783","-114.61842","270.6","NEEDLES AIRPORT, CA US","  53.8","24","  28.8","24","1016.9","24","984.7","24"," 10.0","24"," 14.7","24"," 22.9"," 29.9","  62.1"," ","  41.0"," "," 0.00","G","999.9","000000"
